" But cart has some errors."," Mutta korissa on joitakin virheitä."
"""Description"" is more than %d characters long","""Kuvaus"" on enemmän kuin %d merkkiä pitkä"
"""Title"" is more than %d characters long","""Otsikko"" on enemmän kuin %d merkkiä pitkä"
"""id"" attribute is required for a ""%s"" field.","""id"" -määrite on pakollinen ""%s"" -kenttään."
"""line_count"" attribute is required for ""multiline"" element.","""line_count"" -määrite on pakollinen ""multiline"" elementti."
"""message"" attribute is required for ""%s"" validator rule.","""viesti"" -määrite on pakollinen ""%s"" validaattoriin sääntö."
"%1$s has been added to your wishlist.","%1$s on lisätty listaasi."
"%1$s incl tax.","%1$s sis. veroa."
"%s API Key required.","%s API Key tarvitaan."
"%s Application ID required.","%s Application ID tarvitaan."
"%s Secret Key required.","%s Secret Key tarvitaan."
"%s attribute is required.","%s määrite on pakollinen."
"%s has been added to your cart.","%s on lisätty ostoskoriin."
"(Includes more countries than those listed below. As the application owner, you are responsible for complying with country-specific laws related to the distribution or sale of your application into that country, including your home country.)","( Sisältää enemmän maita kuin alla lueteltuja . Kutensovelluksen omistaja , olet vastuussa noudattaa maakohtaisia ​​lakeja liittyvätjakelu tai myynti hakemuksesi tuohon maahan, myös kotimaahan . )"
"*Subject to change","* Arvot voivat muuttua"
"10:40 AM","10:40"
"80px x 80px","80px x 80px"
"80x80 px","80x80 px"
"<a href=""%s"" target=""_blank"">Login</a> to Urabn Airship.","<a href=""%s"" target=""_blank""> Kirjaudu </a> Urabn Ilmalaiva."
"A Catalog Only App will not support functions such as add to cart, add to wishlist, or login.","Verkkokauppa Vain Sovellus ei tue toimintoja, kuten lisätä ostoskoriin , lisää toivelistalle tai kirjaudu sisään."
"A new password has been sent.","Uusi salasana on lähetetty."
"Account","Tili"
"Account confirmation is required. Please check your email for the confirmation link.","Tilin tarvitaan vahvistusta . Tarkista sähköpostisi vartenvahvistuslinkki."
"Account information has been saved.","Käyttäjätilin tiedot on tallennettu."
"Action","Action"
"Activate","Aktivoi"
"Activate PayPal Checkout","Aktivoi PayPal Checkout"
"Activate PayPal MECL","Aktivoi PayPal MECL"
"Activation Key","Activation Key"
"Add App","Lisää App"
"Add New Template","Lisää uusi malli"
"Add Page","Lisää sivu"
"Add to Cart","Lisää ostoskoriin"
"Add to Wishlist","Lisää toivelistaan ​​"
"Additional Address","Osoitteen"
"Address","Osoite"
"Address 2","Osoite 2"
"Address data not specified.","Osoitetiedot ole määritelty."
"Address does not belong to this customer.","Osoite ei kuulu tälle asiakkaalle."
"Address has been deleted.","Osoite on poistettu."
"Address has been saved.","Osoite on tallennettu."
"Administrative contact for this app and for app submission issues.","Hallinnollinen yhteyshenkilö tämän sovelluksen ja sovelluksen jättämisen kysymyksiä."
"Advanced Settings","Lisäasetukset"
"After submitting the App to Magento, please contact <a href=""mailto:%1$s"">%1$s</a> to receive the Application Key, Application Secret and Application Master Secret.","Kun olet lähettänytApp Magento , ota yhteyttä <a href=""mailto:%1$s""> %1$s </a> saadaApplication Key, Application Secret ja Application Master Secret."
"AirMail Message Queue","AirMail Viestijono"
"AirMail Messages Queue","AirMail viestit jonoon"
"AirMail Template Preview","AirMail Template Preview"
"AirMail message","AirMail viesti"
"AirMail templates","AirMail malleja"
"All Allowed Countries","Kaikki kyseiset maat"
"All locations","Kaikki sijainnit"
"An account with this email address already exists.","Tili tällä sähköpostiosoitteella on jo olemassa."
"An error occurred while adding item to wishlist.","Virhe lisäämällä tuote toivelistalle."
"An error occurred while deleting the address.","Virhe poistettaessaosoite."
"An error occurred while loading categories.","Lataamisessa tapahtui virhe luokkiin."
"An error occurred while loading category filters.","Lataamisessa tapahtui virhe luokan suodattimia."
"An error occurred while loading wishlist.","Lataamisessa tapahtui virhe toivelista."
"An error occurred while processing your order. Please contact us or try again later.","Käsiteltäessä tapahtui virhe tilauksesi . Ota yhteyttä tai yritä myöhemmin uudelleen."
"An error occurred while processing your request.","Virhe pyynnön käsittelyn yhteydessä."
"An error occurred while removing item from wishlist.","Virhe poistamalla tuote toivelistalle."
"An error occurred while removing items from wishlist.","Virhe Kohteiden poistaminen toivelista."
"Analytics","Analytics"
"Android","Android"
"Android doesn\'t support AirMail message type.","Android doesnt \ 't tukevat AirMail viestin tyyppi."
"App Background","App tausta"
"App Background (landscape mode).","App Tausta ( Maisema)."
"App Background (portrait mode).","App Tausta ( pystykuvatilassa )."
"App Background <br />(landscape mode)","App Tausta <br /> ( Maisema)"
"App Background <br />(portrait mode)","App Tausta <br /> ( pystyasentoon )"
"App Background image missing.","App Taustakuva puuttuu."
"App Code","App Code"
"App Information","App Information"
"App Name","App Name"
"App Stores","App Store"
"App Submission History","App Submission History"
"App Title","App Title"
"App code required.","App koodia tarvitaan."
"App does not exist.","App ei ole olemassa."
"App has been deleted.","App on poistettu."
"App has been saved.","App on tallennettu."
"App has been submitted.","App on toimitettu."
"App model not loaded.","App malli ei ole ladattu."
"App with specified code does not exist.","App määritetyn koodi ei ole olemassa."
"Appears in the info section of your app (example: Copyright 2010 – Your Company, Inc.)","Esiintyyinfo osiossa app ( esimerkiksi : Copyright 2010 - Your Company , Inc.)"
"Application","Sovellus"
"Application Key","Sovellus Key"
"Application Master Secret","Sovellus Master Secret"
"Application Name","Sovelluksen nimi"
"Application Secret","Sovellus Secret"
"Are you sure you want to delete this theme? This change will affect all applications.","Oletko varma, että haluat poistaa tämän teeman ? Muutos vaikuttaa kaikkiin sovelluksiin."
"Are you sure you want to do this?","Oletko varma, että haluat tehdä tämän ?"
"Are you sure you whant to cancel a message?","Oletko varma, että whant peruuttaaviestin?"
"Are you sure you whant to delete a message?","Oletko varma, että whant poistaaviestin ?"
"Are you sure you what to cancel selected records?","Oletko varma, että mitä peruuttaa valitut tiedot ?"
"Are you sure you what to delete selected records?","Oletko varma, että mitä poistaa valitut tiedot ?"
"As a Magento customer, Urban Airship is offering you unlimited Push Notifications and Rich Push for $100/year* along with a 60 day free trial.","KoskaMagento asiakas , Urban Ilmalaiva tarjoaa sinulle rajoittamaton Push ilmoitukset ja Rich Push for $ 100/year * yhdessä60 päivää ilmainen kokeiluversio."
"At last one application has to be created.","Vihdoinkin yksi hakemus on luotu."
"Authentication complete.","Authentication täydellinen."
"Back","Back"
"Back to App Edit","Back App Edit"
"Background Color","Taustaväri"
"Balance","Balance"
"Balance Change","Balance Change"
"Balance History","Balance History"
"Banner on Home Screen","Banner Home Screen"
"Banner on Home Screen (landscape mode) image missing.","Banner Aloitus-näytössä ( Maisema) kuva puuttuu."
"Banner on Home Screen (portrait mode) image missing.","Banner Aloitus-näytössä ( pystykuvatilassa ) kuva puuttuu."
"Banner on Home Screen <br />(landscape mode)","Banner Home Screen <br /> ( Maisema)"
"Banner on Home Screen <br />(portrait mode)","Banner Home Screen <br /> ( pystyasentoon )"
"Banner on Home Screen image missing.","Banner Aloitus-näytössä kuva puuttuu."
"Billing Address","Laskutusosoite"
"Billing address has been set.","Laskutusosoite on asetettu."
"Buy %1$s for %2$s","Osta %1$s %2$s"
"Buy %1$s for %2$s (%3$s incl. tax) each","Osta %1$s %2$s ( %3$s sis. . Vero ) jokainen"
"Buy %1$s for %2$s each","Osta %1$s %2$s jokainen"
"Buy %1$s with %2$s discount each","Osta %1$s %2$s alennus jokainen"
"Buyer country is not allowed by store.","Ostaja maa ei ole sallittua säilyttää."
"Cache Lifetime (seconds)","Cache Lifetime ( sekuntia )"
"Cache Management","Cache Management"
"Can\'t add item to shopping cart.","Can\'t lisää tuote ostoskoriin."
"Can\'t apply the coupon code.","Can\'t koskekuponkikoodi."
"Can\'t copy file ""%s"" to ""%s"".","Can\'t kopioida tiedosto ""%s"" ja ""%s""."
"Can\'t create wishlist.","Can\'t luovat toivelista."
"Can\'t delete ""%s"" theme.","Can\'t poistaa ""%s"" teema."
"Can\'t load XML.","Can\'t kuorma XML."
"Can\'t load application with id ""%s""","Can\'t kuorman kanssa id ""%s"""
"Can\'t load cart info.","Can\'t kuorma korissa info."
"Can\'t load cart.","Can\'t kuorma korissa."
"Can\'t load customer form.","Can\'t kuorma asiakkaiden muodossa."
"Can\'t load default themes.","Can\'t kuorma oletuksena teemoja."
"Can\'t load selected theme. Please check your media folder permissions.","Can\'t ladata valitun teeman. Tarkista median kansioiden käyttöoikeudet."
"Can\'t open submission form.","Can\'t auki lomakkeensa."
"Can\'t read file ""%s"".","Voi\'t lukea tiedosto ""%s""."
"Can\'t remove the item.","Voi\'t poistaa kohteen."
"Can\'t reset theme.","Voi\'t reset teema."
"Can\'t save address.","Voi\'t tallenna osoite."
"Can\'t save the customer.","Can\'t tallennaasiakas."
"Can\'t save theme.","Voi\'t tallenna teema."
"Can\'t show configuration.","Can\'t näytä kokoonpano."
"Can\'t specify product.","Can\'t määrittää tuotteen."
"Can\'t submit application.","Can\'t lähetä hakemus."
"Can\'t update cart.","Can\'t Päivitä ostoskori".
"Can\'t write to file ""%s"".","Can\'t kirjoittaa tiedostoon ""%s""."
"Cancel","Peruuta"
"Canceled","Peruutettu"
"Cancelled","Peruutettu"
"Cannot apply gift card.","Ei voi soveltaa lahjakortin."
"Cannot load theme ""%s"".","Ei voi ladata teema ""%s""."
"Cannot redeem Gift Card.","Ei voi lunastaa lahjakortin."
"Cannot remove gift card.","Ei voi poistaa lahjakortin."
"Cannot save theme ""%s"". Incorrect data received","Ei voi tallentaa teema ""%s"". Väärä saadut tiedot"
"Card Verification Number","Luottokortin tarkistusnumero"
"Card verification number is wrong","Kortti todentaminen numero on väärä"
"Carrier","Carrier"
"Cart","Koriin"
"Cart has been updated.","Cart on päivitetty."
"Cart has some errors.","Cart on joitakin virheitä."
"Cart is empty.","Ostoskorisi on tyhjä."
"Catalog Only App?","Verkkokauppa Vain App?"
"Category Button Color","Luokka Button Color"
"Category Item Background Color","Luokka Tuote taustaväri"
"Chairs","Tuolit"
"Change Orientation","Muuta Suunta"
"Change Password","Vaihda salasana"
"Changes have been saved to theme.","Muutokset on tallennettu teema."
"Checkout has been initialized.","Maksa on alustettu."
"City","City"
"Color Themes","Color Teemat"
"Colors","Colors"
"Company","Yhtiö"
"Completed","Valmis"
"Confirm New Password","Vahvista uusi salasana"
"Confirm Password","Vahvista salasana"
"Contact Email","Sähköpostiosoite"
"Contact Information","Yhteystiedot"
"Container is not defined.","Säiliö ei ole määritelty."
"Content","Sisältö"
"Copyright","Copyright"
"Copyright Page Logo","Copyright Page Logo"
"Copyright Page Logo <br />(iPhone 4 retina)","Copyright Page Logo <br /> ( iPhone 4 verkkokalvon )"
"Countries Payment Applicable From","Maat Maksu sovelletaan"
"Country","Maa"
"Country options don\'t recognized for ""%s"".","Maa vaihtoehdot don\'t tunnustettu ""%s""."
"Coupon code %s is not valid.","Kuponkikoodia %s ei ole kelvollinen."
"Coupon code %s was applied.","Kuponkikoodia %s on sovellettu."
"Coupon code is empty.","Kuponkikoodia on tyhjä."
"Coupon code was canceled.","Kuponkikoodia peruttiin."
"Creating a Template is allowed only for applications which have device type iPhone.","Mallin luominen on sallittu vain sovelluksia, joissa on laitteen tyypin iPhone."
"Credit Card","Luottokortti"
"Credit Card %s","Luottokortti %s"
"Credit Card Number","Luottokortin numero"
"Credit Card Type","Luottokortin tyyppi"
"Credit card number does not match credit card type.","Luottokortin numero ei vastaa luottokorttityyppi."
"Current Balance: %s","Nykyinen saldo : %s"
"Current Password","Nykyinen salasana"
"Currently, PayPal MEP is not available for the Android application","Tällä hetkellä PayPal MEP ei ole käytettävissäAndroid-sovellus"
"Custom App Icon","Custom App Icon"
"Custom App Icon <br />(iPhone 4 retina)","Custom App Icon <br /> ( iPhone 4 verkkokalvon )"
"Custom Colors","Custom Colors"
"Customer authentication problem.","Asiakas todennus ongelma."
"Customer balance available in enterprise version of Magento only.","Asiakas tasapaino saatavilla yrityksen versio Magento vain."
"Customer balance is disabled for current store","Asiakas tasapaino on poistettu käytöstä nykyisestä säilöstä"
"Customer email not specified.","Asiakas sähköposti ei ole määritelty."
"Customer logout problem.","Asiakas logout ongelma."
"Customer not logged in.","Asiakas ole kirjautunut sisään"
"DD","DD"
"Date","Date"
"Date Created","Luotu"
"Date Submitted","Lähetysajankohta"
"Date Updated","Date Updated"
"Day","Päivä"
"Deeper Messaging and Engagement with Rich Push.","Deeper Viestit ja Engagement Rich Push."
"Default Billing Address","Oletus Billing Address"
"Default Shipping Address","Oletustoimitusosoite"
"Default Theme","Default Theme"
"Delete","Poista"
"Delete theme","Poista teema"
"Deleted","Poistettu"
"Description","Kuvaus"
"Description that appears in Android Market. %s chars maximum. ","Kuvaus , joka näkyy Android Market . %s merkkiä maksimi."
"Description that appears in the iTunes App Store. %s chars maximum. ","Kuvaus , joka näkyyiTunes App Storesta . %s merkkiä maksimi."
"Deselect All","Poista kaikki valinnat"
"Design","Suunnittelu"
"Device","Laite"
"Device Information","Device Information"
"Device Type","Laitteen tyyppi"
"Device doesn\'t recognized. Unable to load a template.","Laitteen doesnt \ 't tunnustettu . Lataaminen ei onnistumalliin."
"Device doesn\'t recognized: ""%s"". Unable to load a helper.","Laitteen doesnt \ 't tunnustettu :""%s"". Lataaminen ei onnistuauttaja."
"Device doesn\'t recognized: ""%s"". Unable to load preview model.","Laitteen doesnt \ 't tunnustettu :""%s"". Lataaminen ei onnistu esikatselu malli."
"Edit","Edit"
"Edit AirMail Message","Muokkaa AirMail Message"
"Edit AirMail Message Queue #%s","Muokkaa AirMail Viestijono #%s"
"Edit App ""%s""","Muokkaa App ""%s"""
"Edit Filter","Edit Filter"
"Edit Template ""%s""","Muokkaa mallia ""%s"""
"Element with id %s already exists","Element jonka tunnus on %s on jo olemassa"
"Email","Sähköposti"
"Email Address","Sähköpostiosoite"
"Enable AirMail Message Push notification","Ota AirMail viesti Push ilmoituksen"
"Enable Facebook","Ota Facebook"
"Enable Flurry Analytics","Ota Flurry Analytics"
"Enable Flurry Analytics for the merchant.","Ota Flurry Analytics kauppias."
"Enable LinkedIn","Ota LinkedIn"
"Enable Standard Checkout","Ota Standard kassalle"
"Enable Twitter","Ota Twitter"
"Error while processing file ""%s"".","Virhe tiedostoa käsiteltäessä ""%s""."
"Error while reading data from Payment Bridge. Please, try again.","Virhe luettaessa dataa Maksu Bridge . Ole hyvä ja yritä uudelleen."
"Error while uploading file ""%s"".","Virhe ladattaessa tiedostoa ""%s""."
"Error while uploading file ""%s"". Disallowed file type. Only ""jpg"", ""jpeg"", ""gif"", ""png"" are allowed.","Virhe ladattaessa tiedostoa ""%s"". Kielletyt tiedostotyyppi . Only""jpg"",""jpeg"",""gif"",""png""ovat sallittuja."
"Error.","Virhe."
"Expiration Date - Month","Viimeinen voimassaolopäivä - Kuukausi"
"Expiration Date - Year","Viimeinen voimassaolopäivä - Year"
"Expires: %s","Erääntyy: %s"
"Extend the life of your app with Urban Airship Push Notifications.","Pidennä App Urban Ilmalaiva Push ilmoitukset."
"Extensions","Extensions"
"FILTERS APPLIED","Suotimet"
"Facebook API","Facebook API"
"Facebook Application ID","Facebook Application ID"
"Fax","Faksi"
"File can\'t be uploaded.","Tiedostoa \ 't on ladattu."
"File doesn\'t exist ""%s"".","File doesnt \ 't olemassa ""%s""."
"First Name","Etunimi"
"Flurry API Code","Flurry API Code"
"Flurry Analytics","Flurry Analytics"
"Flurry Analytics Site","Flurry Analytics Site"
"Fonts","Fontit"
"Free","Free"
"Funk Leaf","Funk Leaf"
"General","Yleiset"
"Get Content from CMS Page","Get Content CMS Page"
"Gift Card ""%s"" was added.","Lahjakortti ""%s"" lisättiin."
"Gift Card ""%s"" was redeemed.","Lahjakortti ""%s"" oli lunastettu."
"Gift Card ""%s"" was removed.","Lahjakortti ""%s"" on poistettu."
"Gift Card (%s)","Lahjakortti ( %s )"
"Gift Card amount applied to order: %s","Lahjakortti määrä soveltaa tilata : %s"
"Gift Card code is empty.","Lahjakortti koodi on tyhjä."
"Gift Card: %s","Lahjakortti : %s"
"Gift card account available in enterprise version of Magento only.","Lahjakortti huomioon käytettävissä yrityksen versio Magento vain."
"Grand Total (Excl. Tax)","Kaikki yhteensä (alv )"
"Grand Total (Incl. Tax)","Kaikki yhteensä ( sis. ALV )"
"Guest","Vieras"
"Header Background Color","Ylä Taustaväri"
"Header Font Color","Otsikkokirjasinten Color"
"High Resolution Application Icon","High Resolution Application Icon"
"Home","Koti"
"Hot Red","Hot Red"
"How do you rate this product?","Miten arvioisit tämän tuotteen ?"
"How to incorporate Urban Airship within your application:","Miten sisällyttää Urban Ilmalaiva kuluessa hakemuksen :"
"ID","ID"
"Icon that will appear on the user\'s device after they download your app. Recommended size: 48px x 48px.","Kuvake , joka näkyykäyttäjän \ 's laitteesta, kun ne ladata App. Suositeltava koko : 48px x 48px."
"Icon that will appear on the user\'s device after they download your app. You do not need to apply a gradient or soft edges (this is done automatically by Apple). Recommended size: 72px x 72px.","Kuvake , joka näkyykäyttäjän \ 's laitteesta, kun ne ladata App. Sinun ei tarvitse hakeakaltevuus tai pehmeät reunat ( tämä tapahtuu automaattisesti Apple ) . Suositeltu koko : 72px x 72px."
"Icon that will appear on the user\'s phone after they download your app. You do not need to apply a gradient or soft edges (this is done automatically by Apple). Recommended size: 114px x 114px.","Kuvake , joka näkyykäyttäjän \ 's puhelin , kun he ladata App. Sinun ei tarvitse hakeakaltevuus tai pehmeät reunat ( tämä tapahtuu automaattisesti Apple ) . Suositeltu koko : 114px x 114px."
"Icon that will appear on the userâ€™s phone after they download your app.  You do not need to apply a gradient or soft edges (this is done automatically by Apple).  Recommended size: 57px x 57px at 72 dpi.","Kuvake , joka näkyyUsera € ™ s puhelimessa kun he ladata App. Sinun ei tarvitse hakeakaltevuus tai pehmeät reunat ( tämä tapahtuu automaattisesti Apple ) . Suositeltu koko : 57px x 57px 72 dpi."
"Icons","Icons"
"If leave this field empty, the message will be sent immediately","Jos jätät tämän kentän tyhjäksi ,viesti lähetetään heti"
"If you want to disable the cache on the application side, leave the field empty. Warning! When disabling cache, the application will take time to load each page.","Jos haluat poistaavälimuistinsovelluksen puolella , jätä kenttä tyhjäksi . Varoitus ! Kun poistat välimuisti ,sovellus vie aikaa ladata jokaisen sivun."
"Image file was not found.","Image tiedostoa ei löydy."
"Image that appears on first screen while your app is loading. Required size: 1024px x 768px.","Kuva , joka näkyy ensimmäisessä näytössä , kun oma sovellus latautuu . Vaadittu koko : 1024px x 768px."
"Image that appears on first screen while your app is loading. Required size: 320px x 455px.","Kuva , joka näkyy ensimmäisessä näytössä , kun oma sovellus latautuu . Vaadittu koko : 320px x 455px."
"Image that appears on first screen while your app is loading. Required size: 320px x 460px.","Kuva , joka näkyy ensimmäisessä näytössä , kun oma sovellus latautuu . Vaadittu koko : 320px x 460px."
"Image that appears on first screen while your app is loading. Required size: 640px x 920px.","Kuva , joka näkyy ensimmäisessä näytössä , kun oma sovellus latautuu . Vaadittu koko : 640px x 920px."
"Image that appears on first screen while your app is loading. Required size: 768px x 1024px.","Kuva , joka näkyy ensimmäisessä näytössä , kun oma sovellus latautuu . Vaadittu koko : 768px x 1024px."
"Images","Kuvat"
"In Queue","Jonossa"
"In Stock","Varastossa"
"In addition, click here to review Urban Airship\'s Terms of Service: <a href=""%s"" target=""_blank"">click here</a>.","Lisäksi , klikkaa tästä tarkistaa Urban Ilmalaiva \ 's käyttöehtoja : <a href=""%s"" target=""_blank""> klikkaa tästä </a>."
"In order to resubmit your app, you need to first purchase a <a href=""%s"" target=""_blank"">%s</a> from MagentoCommerce","Jotta uudelleen oman sovelluksen, sinun täytyy ensin ostaa<a href=""%s"" target=""_blank""> %s </a> alkaen MagentoCommerce"
"In order to submit your app, you need to first purchase a <a href=""%s"" target=""_blank"">%s</a> from MagentoCommerce","Jotta lähettää app , sinun täytyy ensin ostaa<a href=""%s"" target=""_blank""> %s </a> alkaen MagentoCommerce"
"Inactive Tabs","Ei-aktiivinen Tabs"
"Invalid XML.","Virheellinen XML."
"Invalid current password.","Virheellinen nykyinen salasana."
"Invalid customer data.","Virheellinen asiakkaan tiedot."
"Invalid data.","Virheellinen tieto."
"Invalid email address.","Virheellinen sähköpostiosoite."
"Invalid item or wishlist.","Virheellinen tuote tai toivelista."
"Invalid login or password.","Virheellinen tai salasana."
"Invalid shipping method.","Virheellinen toimitustapa."
"Issue Number","Issue Number"
"It\'s not allowed to delete submitted application.","Se \ 's ei voi poistaa jätetty hakemus."
"Item has been added to cart.","Tuote on lisätty koriin."
"Item has been deleted from cart.","Tuote on poistettu vaunusta."
"Item has been removed from wishlist.","Tuote on poistettu toivelista."
"Items were updated. But can\'t update wishlist.","Kohteita päivitettiin . Mutta voi \ 't päivitys toivelista."
"Key","Key"
"Keywords","Avainsanat"
"Label","Julkaisija"
"Large iTunes Icon","Suuri iTunes Icon"
"Large icon that appears in the iTunes App Store. You do not need to apply a gradient or soft edges (this is done automatically by Apple). Required size: 512px x 512px.","Suuri kuvake , joka näkyyiTunes App Storesta . Sinun ei tarvitse hakeakaltevuus tai pehmeät reunat ( tämä tapahtuu automaattisesti Apple ) . Tarvittava koko : 512px x 512px."
"Last Name","Sukunimi"
"LinkedIn API","LinkedIn API"
"LinkedIn API Key","LinkedIn API Key"
"LinkedIn Secret Key","LinkedIn Secret Key"
"Loader Splash Screen","Loader Splash Screen"
"Loader Splash Screen <br />(iPhone 4 retina)","Loader Splash Screen <br /> ( iPhone 4 verkkokalvon )"
"Loader Splash Screen <br />(landscape mode)","Loader Splash Screen <br /> ( Maisema)"
"Loader Splash Screen <br />(portrait mode)","Loader Splash Screen <br /> ( pystyasentoon )"
"Loading Preview...","Ladataan esikatselua..."
"Locations","Paikat"
"Log In","Kirjaudu sisään"
"Login and password are required.","Ja salasana vaaditaan."
"Logo in Header","Logo Header"
"Logo in Header image missing.","Logo Ylätunnistekuva puuttuu."
"Logout complete.","Kirjaudu ulos täydellinen."
"M.I.","M.I."
"MEP is PayPal\'s native checkout experience for the iPhone. You can choose to use MEP alongside standard checkout, or use it as your only checkout method for Magento mobile. PayPal MEP requires a <a href=""%s"">PayPal business account</a>","MEP on PayPal \ 's natiivi kassalle kokemusiPhone . Voit käyttää MEP rinnalla standardi kassalle, tai käyttää sitä vain kassalla menetelmä Magento mobiili . PayPal MEP vaatii<href =""%s""> PayPal liiketoiminta tili </a>"
"MM","MM"
"Mailbox title","Postilaatikko otsikko"
"Main Tabs","Main Tabs"
"Make Inactive","Ei-aktiiviseksi"
"Make this app available in the following territories","Tee tästä app saatavilla myös seuraavilla alueilla"
"Manage Apps","Hallitse Apps"
"Manage Mobile App","Hallitse Mobile App"
"Maximum length is 140","Suurin pituus on 140"
"Maximum length is 255","Suurin pituus on 255"
"Merchant Label","Merchant Label"
"Message Queue","Message Queue"
"Message Settings","Message Settings"
"Message Templates","Viestipohjat"
"Message Title","Message Title"
"Message Type","Viestin tyyppi"
"Message can be edited when status of the message is ""In Queue"" only.","Viesti voi muokata , kun viestin tilasta on ""jonossa"" vain."
"Message content","Viestin sisältö"
"Message title","Viestin otsikko"
"Mobile","Mobile"
"Mobile Express Checkout has been canceled.","Mobile Express Checkout on peruttu."
"Mobile Express Checkout processed successfully.","Mobile Express Checkout käsitelty onnistuneesti."
"Month","Kuukausi"
"More","More"
"More Info","Lisätietoja"
"More Tabs","More Tabs"
"Name on Card","Kortissa oleva nimi"
"Name that appears beneath your app when users install it to their device. We recommend choosing a name that is 10-12 characters and that your customers will recognize. %s chars max.","Nimi joka näkyy alapuolella App kun käyttäjä asentaa sen omaan laitteeseen . Suosittelemme valitanimi, joka on 10-12 merkkiä ja että asiakkaat tunnistavat . %s merkkiä max."
"New AirMail Message","Uusi AirMail Message"
"New AirMail Message Queue","Uusi AirMail Viestijono"
"New App","Uusi App"
"New Password","Uusi salasana"
"New Template","Uusi malli"
"Nickname","Nimimerkki"
"No Payment Information Required","Ei Payment Information Pakollinen"
"No items were specifed to update.","Kohteita ei specifed päivittää."
"No items were updated.","Ei päivitettiin."
"No product selected.","Ei valittu tuote."
"No shipping method required.","Ei toimitustapa tarvita."
"No such file ""%s"".","Tiedostoa ""%s""."
"Not Submitted","Ei toimiteta"
"Notice","Ilmoitus"
"One or more keywords that describe your app. Keywords are matched to users\' searches in the App Store and help return accurate search results. Separate multiple keywords with commas. 100 chars is maximum.","Yksi tai useampia avainsanoja , jotka kuvaavat sovelluksen . Avainsanojen tulee vastata käyttäjien \ ' hakee App Storesta ja auttaa palauttamaan tarkkoja hakutuloksia . Erota avainsanat pilkulla . 100 merkkiä on maksimi."
"Onepage checkout is disabled.","Onepage kassalla ei ole käytössä."
"Only custom theme can be deleted","Vain custom teema voidaan poistaa"
"Only default theme can be reset","Vain Oletusteeman voidaan nollata"
"Only free apps are allowed in this version.","Vain vapaa apps ovat sallittuja tässä versiossa."
"Only registered users can write reviews. Please, log in or register.","Vain rekisteröityneet käyttäjät voivat kirjoittaa arvosteluja . Ole hyvä , kirjaudu sisään tai rekisteröidy."
"Options menu items","Asetukset -valikon vaihtoehdot"
"Order #%s - %s","Tilaus #%s - %s"
"Order Date: %s","Tilauksen päivämäärä : %s"
"Order id is not specified.","Tilaa id ei ole määritelty."
"Order is not available.","Tilaa ei ole käytettävissä."
"Ordered","Järjestetty"
"Output format is not specified. Please, specify ""format"" key in constructor, or set it using setFormat().","Output muoto ei ole määritelty . Ilmoitathan""muoto""-näppäintä rakentaja , tai asettaa sen käyttämällä setFormat ( )."
"POST data is not valid.","POST data ei kelpaa."
"Pages","Sivut"
"Password","Salasana"
"Password fields cannot be empty.","Salasana kenttiä ei voi olla tyhjä."
"PayPal MECL is the mobile version of PayPal\'s Express Checkout service. You can choose to use MECL alongside standard checkout, or use it as your only checkout method for Magento Mobile.","PayPal MECL onmobiiliversiota PayPal \ 's Express Checkout palvelua . Voit käyttää MECL rinnalla standardi kassalle, tai käyttää sitä vain kassalla menetelmä Magento Mobile."
"PayPal MEP","PayPal MEP"
"PayPal Mobile Embedded Payment (MEP)","PayPal Mobile Embedded Payment ( MEP )"
"PayPal Mobile Express Checkout","PayPal Mobile Express Checkout"
"PayPal Mobile Express Checkout Library (MECL)","PayPal Mobile Express Checkout Library ( MECL )"
"PayPal Mobile Express Checkout Token does not exist.","PayPal Mobile Express Checkout Token ei ole olemassa."
"Payer Email: %s","Maksajan Sähköposti : %s"
"Payment Applicable From","Maksu sovelletaan"
"Payment Bridge module unavailable.","Maksu siltamoduulin ole käytettävissä."
"Payment Method","Maksutapa"
"Payment Method has been set.","Maksutapa on asetettu."
"Payment Methods","Maksutavat"
"Payment method was successfully set.","Maksutapa on asetettu."
"Paypal MEP doesn\'t support checkout with any discount.","Paypal MEP doesnt \ 't tukea kaupankäyntiä mitään alennusta."
"Please <a href=""%s"" target=""_blank"">click here</a> to see how to setup and retrieve API credentials.","Ole hyvä ja <a href=""%s"" target=""_blank""> klikkaa tästä </a> nähdä miten setup ja hakea API valtakirjaa."
"Please Select Application","Valitse Application"
"Please Select Device Type","Valitse Laitteen tyyppi"
"Please agree to all the terms and conditions before placing the order.","Ole hyvä ja hyväksyttävä kaikkiehdot ennen kuin laitatjärjestyksessä."
"Please create and save an application first.","Luo ja tallennaohjelma ensin."
"Please enter ""App Title"".","Anna ""App Title""."
"Please enter a valid URL. Protocol is required (http://, https:// or ftp://)","Anna kelvollinen URL-osoite . Pöytäkirja vaaditaan ( http:// , https:// tai ftp:// )"
"Please enter a valid date.","Anna kelvollinen päivämäärä."
"Please enter a valid email address. For example johndoe@domain.com.","Annavoimassa oleva sähköpostiosoite . Esimerkiksi johndoe@domain.com."
"Please enter issue number or start date for switch/solo card type.","Anna kysymys tai aloituspäivä varten Switch / Solo kortin tyyppi."
"Please enter the Activation Key.","AnnaActivation Key."
"Please enter the Copyright.","AnnaCopyright."
"Please enter the Description.","Annakuvaus."
"Please enter the Price.","Annahinta."
"Please enter the Resubmission Key.","Annauudelleenlähetys Key."
"Please enter the Title.","AnnaTitle."
"Please make sure your passwords match.","Ole hyvä ja varmista, että salasanat täsmää."
"Please select an option.","Valitsevaihtoehto."
"Please select at least one country.","Valitse vähintään yksi maa."
"Please upload  an image for ""App Background (landscape mode)"" field from Design Tab.","Ole hyvä ja lataakuva ""App Tausta ( Maisema)"" -kenttään Design Tab."
"Please upload  an image for ""App Background (portrait mode)"" field from Design Tab.","Ole hyvä ja lataakuva ""App Tausta ( pystykuvatilassa )"" -kenttään Design Tab."
"Please upload  an image for ""App Background"" field from Design Tab.","Ole hyvä ja lataakuva ""App tausta"" -kenttään Design Tab."
"Please upload  an image for ""Banner on Home Screen (landscape mode)"" field from Design Tab.","Ole hyvä ja lataakuva ""Banner kotiruudussa ( Maisema)"" -kenttään Design Tab."
"Please upload  an image for ""Banner on Home Screen (portrait mode)"" field from Design Tab.","Ole hyvä ja lataakuva ""Banner kotiruudussa ( pystykuvatilassa )"" -kenttään Design Tab."
"Please upload  an image for ""Banner on Home Screen"" field from Design Tab.","Ole hyvä ja lataakuva ""Banner Home Screen"" kentän Design Tab."
"Please upload  an image for ""Logo in Header"" field from Design Tab.","Ole hyvä ja lataakuva ""Logo Header"" kentän Design Tab."
"Please use letters only (a-z or A-Z) in this field.","Käytä kirjaimia ( az tai AZ) tällä alalla."
"Please use numbers only in this field. Please avoid spaces or other characters such as dots or commas.","Käytä vain numeroita tällä alalla . Vältä välilyöntejä tai muita merkkejä , kuten pisteitä tai pilkkuja."
"Please use only letters (a-z or A-Z) or numbers (0-9) only in this field. No spaces or other characters are allowed.","Käytä ainoastaan ​​kirjaimia ( az tai AZ) ja numeroita ( 0-9 ) vain tällä alalla . Ei ole välilyöntiä eikä muita merkkejä ovat sallittuja."
"Prefix","Etuliite"
"Preset Theme","Preset Theme"
"Preview","Esikatselu"
"Price","Hinta"
"Price Font Color","Hinta Fontin väri"
"Primary Color","Ensisijainen väri"
"Primary Font Color","Ensisijainen Fontin väri"
"Problem changing or sending password.","Ongelma muuttuvat tai lähettämällä salasanan."
"Product Name3 ","Tuote NAME3"
"Product Name3 1","Tuote NAME3 1"
"Product Name3 2","Tuote NAME3 2"
"Product is unavailable.","Tuote ei ole saatavilla."
"Product was not specified.","Tuote ei ole määritetty."
"Product(s) currently out of stock.","Tuote ( t) tällä hetkellä loppu varastosta."
"Purchase Order Number","Ostotilausnumero"
"Push Notification","PUSH"
"Push Notifications allow you to send messages directly to the people who have installed your app on their device. Send messages to your full audience even when your app is closed. Push Notifications are one of the best ways to keep your app active by delivering valuable content directly to your customers. Learn more about Push Notifications - <a href=""%1$s"" target=""_blank"">%1$s</a>","Push ilmoitukset voit lähettää viestejä suoraanihmisille, jotka ovat asentaneet App laitteeseensa . Lähettää viestejä täyteen yleisöä silloinkin, kun sovellus on suljettu . Push-ilmoitukset ovat yksi parhaista tavoista pitää app aktiivinen toimittamalla arvokkaita sisältöä suoraan asiakkaille . Lue lisää Push ilmoitukset - <a href=""%1$s"" target=""_blank""> %1$s </a>"
"Push Title","Push Title"
"Push message","Push viesti"
"Push title","Push otsikko"
"Queue Date","Jono Date"
"Queue Message","Jono Message"
"Queue does not exist.","Jono ei ole olemassa."
"Queue is allowed only for applications with enabled Push Notification.","Jono on sallittu vain sovelluksissa, joissa on käytössä push ilmoituksen."
"Quote instance is required.","Quote esimerkiksi vaaditaan."
"Recipient Information","Vastaanottajan tiedot"
"Recommended size 1024px x 344px. Note: Image size affects the performance of your app.","Suositeltu koko 1024px x 344px . Huom : Kuvan koko vaikuttaa suorituskykyyn App."
"Recommended size 1024px x 704px. Note: Image size affects the performance of your app.","Suositeltu koko 1024px x 704px . Huom : Kuvan koko vaikuttaa suorituskykyyn App."
"Recommended size 320px x 230px. Note: Image size affects the performance of your app. Keep your image size below 50 KB for optimal performance.","Suositeltu koko 320px x 230px . Huomautus : Kuvan koko vaikuttaa suorituskykyyn App . Pidä kuvan koko on alle 50 KB optimaalisen suorituskyvyn."
"Recommended size 320px x 258px. Note: Image size affects the performance of your app. Keep your image size below 50 KB for optimal performance.","Suositeltu koko 320px x 258px . Huomautus : Kuvan koko vaikuttaa suorituskykyyn App . Pidä kuvan koko on alle 50 KB optimaalisen suorituskyvyn."
"Recommended size 320px x 367px. Note: Image size affects the performance of your app. Keep your image size below 75 KB for optimal performance.","Suositeltu koko 320px x 367px . Huomautus : Kuvan koko vaikuttaa suorituskykyyn App . Pidä kuvan koko on alle 75 KB optimaalisen suorituskyvyn."
"Recommended size 35px x 35px.","Suositeltu koko 35px x 35px."
"Recommended size 768px x 294px. Note: Image size affects the performance of your app.","Suositeltu koko 768px x 294px . Huom : Kuvan koko vaikuttaa suorituskykyyn App."
"Recommended size 768px x 960px. Note: Image size affects the performance of your app.","Suositeltu koko 768px x 960px . Huom : Kuvan koko vaikuttaa suorituskykyyn App."
"Redemption functionality is disabled.","Redemption toiminnallisuus on poistettu käytöstä."
"Refunded","Palautukset"
"Regular and confirmation passwords must be equal","Säännöllinen ja vahvistus Salasanojen on oltava yhtä suuri"
"Related Product Background Color","Asiaan liittyviä tuotetietoja taustaväri"
"Request internal error.","Pyydä sisäinen virhe."
"Reset theme to default","Palauta teema default"
"Resubmission Key","Uudelleenlähetys Key"
"Resubmit App","Lähetä uudelleen App"
"Review","Näytä"
"Rich Push allows you to create and send engaging experiences by adding HTML and other rich media components to your push notifications. Moving beyond alerts and badge updates, Rich Push takes users into the app while displaying content in a customizable WebKit view. Create branded messages that engage your users with new content and information, all without having to update your app. Learn more about Rich Push - <a href=""%1$s"" target=""_blank"">%1$s</a>","Rich Push avulla voit luoda ja lähettää tilaisuuteen lisäämällä HTML ja muut rich media komponenttien teidän push-ilmoituksia . Liikkuvat yli hälytykset ja rintanappi päivityksiä , Rich Push vie käyttäjiäsovellus kun näyttö sisällönmuokattavissa WebKit mieltä . Luo merkkituotteiden viestejä jotka harjoittavat käyttäjät uutta sisältöä ja tietoa , kaikki ilman päivittää sovelluksen . Lue lisää Rich Push - <a href=""%1$s ""target=""_blank""> %1$s</a>"
"SORT BY:","Järjestys :"
"Save","Tallenna"
"Save As","Tallenna nimellä"
"Save Theme","Save Theme"
"Save and Continue Edit","Tallenna ja jatka Edit"
"Save and Submit App","Tallenna ja Lähetä App"
"Save in address book","Tallenna osoitekirjaan"
"Screens:","Näytöt"
"Scroll Background Color","Scroll Taustaväri"
"Search","Etsi"
"Secondary Color","Toissijainen väri"
"Secondary Font Color","Toissijainen Fontin väri"
"Select All","Valitse kaikki"
"Selected product is unavailable.","Valittu tuote ei ole saatavilla."
"Sender Information","Lähettäjän tiedot"
"Settings","Asetukset"
"Shipped","Siirtää"
"Shipping Address","Shipping Address"
"Shipping Method","Shipping Method"
"Shipping address has been set.","Shipping -osoite on asetettu."
"Shipping method has been set.","Shipping menetelmä on asetettu."
"Shipping method is required","Shipping menetelmä tarvitaan"
"Shipping method successfully updated","Toimitus menetelmä päivitys onnistui"
"Shipping to this address is not possible.","Toimitus tämä osoite ei ole mahdollista."
"Shop","Shop"
"Shopping cart is empty.","Ostoskori on tyhjä."
"Sky Blue","Sky Blue"
"Social Networking","Verkostoituminen"
"Some emails were not sent.","Jotkut sähköpostit ei ole lähetetty."
"Sorry, no payment options are available for this order at this time.","Sorry, no maksuvaihtoehtoja ovat saatavilla tämän tilauksen tällä hetkellä."
"Sorry, no quotes are available for this order at this time.","Sorry, no lainausmerkit ovat saatavilla tämän tilauksen tällä hetkellä."
"Specific Countries","Tietyissä maissa"
"Specified address does not exist.","Osoitetta ei ole olemassa."
"Specified invalid app code.","Määritelty virheellinen sovellus koodi."
"Specified invalid data.","Määritelty virheellisiä tietoja."
"Specified item does not exist in wishlist.","Määritelty tuote ei ole olemassa toivelista."
"Standard Checkout","Standard Checkout"
"Standard Checkout uses the checkout methods provided by Magento. Only inline payment methods are supported. (e.g PayPal Direct,  Authorize.Net, etc.)","Standard Kassalle käyttääkassalla menetelmien tarjoamia Magento . Vain kirjoitettujen maksutapoja ovat tuettuja . ( Esim. PayPal Direct , Authorize.Net jne. )"
"Start Date","Start Date"
"Start Date - Month","Start Date - Kuukausi"
"Start Date - Year","Start Date - Year"
"State/Province","State / Province"
"Status","Tila"
"Store Credit payment is not being used in your shopping cart.","Store Luotto maksu ei käytetä ostoskoriisi."
"Store View","Store View"
"Store logo that is displayed on copyright page of app. Preferred size: 100px x 100px.","Store logo , joka näkyy copyright sivu App. Preferred koko : 100px x 100px."
"Store logo that is displayed on copyright page of app. Preferred size: 200px x 200px.","Store logo , joka näkyy copyright sivu App. Preferred koko : 200px x 200px."
"Street Address","Katuosoite"
"Street Address %s","Katuosoite %s"
"Submission","Submission"
"Submission Fields","Submission Fields"
"Submission History","Submission History"
"Submit App","Lähetä App"
"Submit App ""%s""","Lähetä App ""%s"""
"Submit App failure. %s","Lähetä App vika . %s"
"Submit App failure. Invalid activation key provided","Lähetä App vika . Virheellinen aktivointi avainta"
"Submitted","Lähettäjä"
"Subtotal (Excl. Tax)","Yhteensä (alv )"
"Subtotal (Incl. Tax)","Yhteensä ( sis. ALV )"
"Suffix","Liite"
"Summary of Your Review","Arvostelusi yhteenveto"
"T-Shirts","T - paidat"
"Tabs","Tabs"
"Tax","Vero"
"Telephone","Puhelin"
"Tell a Friend","Kerro kaverille"
"Tell a Friend is disabled.","Kerro kaverille ei ole käytössä."
"Tell a Friend link has been sent.","Kerro kaverille linkki on lähetetty."
"Template","Malli"
"Template Content","Mallisisältö"
"Template Name","Mallin nimi"
"Template does not exist.","Malli ei ole olemassa."
"Template for new AirMail Message does not exist.","Mallin uusille AirMail Viesti ei ole olemassa."
"Template has been deleted.","Malli on poistettu."
"Text length does not satisfy specified max text range.","Tekstin pituus ei täytä määrätyn max tekstin välillä."
"Text length does not satisfy specified min text range.","Tekstin pituus ei täytä tiettyä min tekstin välillä."
"Thank you for registering!","Kiitos rekisteröitymisestä !"
"Thank you for your purchase! ","Kiitos ostoksen !"
"The Mailbox title will be shown in the More Info tab. To understand more about the title, please <a target=""_blank"" href=""http://www.magentocommerce.com/img/product/mobile/helpers/mail_box_title.png"">click here</a>","Postilaatikko otsikko näkyyLisätietoja välilehti . Ymmärtää enemmänotsikko , <a target =""_blank"" href =""http://www.magentocommerce.com/img/product/mobile/ auttajia / mail_box_title.png""> klikkaa tästä </a>"
"The icon that appears in the Android Market. Recommended size: 512px x 512px. Maximum size: 1024 KB.","Kuvake , joka näkyyAndroid Market . Suositeltava koko : 512px x 512px . Enimmäiskoko: 1024 KB."
"The store credit payment has been removed from shopping cart.","Tallentaa luotto maksu on poistettu ostoskorissa."
"Theme configurations are successfully reset.","Teema kokoonpanot ovat onnistuneesti nollata."
"Theme has been created.","Teema on luotu."
"Theme has been delete.","Teema on ollut poistaa."
"Theme label can\'t be empty","Teema leima voi \ 't olla tyhjä"
"Theme label:","Teema label :"
"Theme name is not set.","Teema nimeä ei ole annettu."
"There were some problems with the data.","Siellä oli muutamia ongelmiatiedot."
"This email address was not found in our records.","Tämä sähköpostiosoite ei löytynyt tietomme."
"This is a required field.","Tämä onpakollinen kenttä."
"Title","Otsikko"
"Title bar","Title bar"
"To activate PayPal MEP payment method activate Express checkout first. ","Jos haluat ottaa PayPal MEP maksutapa aktivoida Express Checkout ensin."
"Token has not been set.","Token ei ole asetettu."
"Total incl. Tax: %1$s","Yhteensä sis. . ALV : %1$s"
"Twitter API","Twitter API"
"Twitter API Key","Twitter API Key"
"Twitter Secret Key","Twitter salainen avain"
"Unable to cancel Mobile Express Checkout.","Ei voi peruuttaa Mobile Express Checkout."
"Unable to cancel queue.","Ei voida peruuttaa jonossa."
"Unable to collect cart totals.","Ei voi kerätä ostoskoriin yhteensä."
"Unable to delete queue.","Ei voida poistaa jonossa."
"Unable to find an app to delete.","Ei löydysovelluksen poistaa."
"Unable to find template to delete.","Ei löydy malliin poistaa."
"Unable to get shipping methods list.","Ei saada toimitus -luettelossa."
"Unable to initialize MEP Checkout.","Ei voi alustaa MEP kassalle."
"Unable to initialize PayPal Mobile Express Checkout.","Ei voi alustaa PayPal Mobile Express Checkout."
"Unable to initialize express checkout review.","Ei voi alustaa Express Checkout uudelleen."
"Unable to initialize express checkout shipping method list.","Ei voi alustaa Express Checkout toimitustapa luettelosta."
"Unable to initialize return action.","Ei voi alustaa paluuta toimintaa."
"Unable to load addresses.","Lataaminen ei onnistu osoitteita."
"Unable to load application form.","Lataaminen ei onnistu hakulomakkeen."
"Unable to load billing address form.","Lataaminen ei onnistu laskutusosoite muodossa."
"Unable to load billing address.","Lataaminen ei onnistu laskutusosoite."
"Unable to load categories.","Lataaminen ei onnistu luokkiin."
"Unable to load checkout.","Lataaminen ei onnistu kassalle."
"Unable to load order list.","Lataaminen ei onnistu tilauslistaan​​."
"Unable to load order review.","Lataaminen ei onnistu järjestyksen muutosta."
"Unable to load product gallery.","Lataaminen ei onnistu Tuotegalleria."
"Unable to load product info.","Lataaminen ei onnistu tuotetietoja."
"Unable to load product options.","Lataaminen ei onnistu tuotteen vaihtoehtoja."
"Unable to load product review.","Lataaminen ei onnistu tuotteen uudelleen."
"Unable to load product reviews.","Lataaminen ei onnistu tuotearvioita."
"Unable to load review form.","Lataaminen ei onnistu tarkastelun muodossa."
"Unable to load search.","Lataaminen ei onnistu haku."
"Unable to load shipping address form.","Lataaminen ei onnistu toimitusosoite muodossa."
"Unable to place the order.","Ei tehdä tilausta."
"Unable to post the review.","Ei voi lähettääuudelleen."
"Unable to process preview.","Ei voida käsitellä esikatselu."
"Unable to render a gift card account.","Ei voi tehdälahjakortin huomioon."
"Unable to render an order.","Ei voi tehdätilauksen."
"Unable to render the store credits.","Ei voi tehdämyymälän opintopistettä."
"Unable to save app.","Ei voitu tallentaa sovelluksen."
"Unable to save message.","Ei voitu tallentaa viestin."
"Unable to save shipping address.","Ei voitu tallentaa toimitusosoite."
"Unable to save shipping method.","Ei voitu tallentaa toimitustapa."
"Unable to save template.","Ei voitu tallentaa malliin."
"Unable to start MEP Checkout.","Ei voitu käynnistää MEP kassalle."
"Unable to start Mobile Express Checkout.","Ei voitu käynnistää Mobile Express Checkout."
"Unable to update shipping method.","Ei voi päivittää toimitustapa."
"Undefined","Määrittelemätön"
"Unknown Error","Tuntematon virhe"
"Unknown Error.","Tuntematon virhe."
"Unsupported character in path: ""%s""","Ei tueta merkki path :""%s"""
"Unsupported value type received","Tukematon arvotyyppilista sai"
"Update Preview","Update Preview"
"Upon receiving these credentials, please fill in the corresponding fields.","Saatuaan nämä valtakirjansa , täytäkenttiin."
"Urban Airship Push Notification","Urban Ilmalaiva push ilmoituksen"
"Use Store Credit (%s available)","Käytä Store pistetilanne ( %s saatavilla)"
"Use as my default billing address","Käytä oletushakukoneenani laskutusosoite"
"Use as my default shipping address","Käytä oletustoimitusosoite"
"View Details","Näytä tiedot"
"View Gallery","View Gallery"
"Warning: All related AirMail messages will be deleted!","Varoitus : Kaikki liittyvät AirMail viestit poistetaan !"
"Website is offline.","Sivusto on offline-tilassa."
"Wishlist has been cleared.","Muistilista on poistettu."
"Wishlist has been updated.","Muistilista on päivitetty."
"Wishlist has been updated. But there are accrued some errors while updating some items.","Muistilista on päivitetty . Mutta on kertynyt joitakin virheitä päivityksen aikana joitakin kohteita."
"Wrong Ipad background image orientation has been specified: ""%s"".","Väärä Ipad tausta kuvan suunta on määritelty :""%s""."
"Wrong PayPal Mobile Express Checkout Token specified.","Väärä PayPal Mobile Express Checkout Token määritelty."
"Wrong device type.","Väärä laitetyyppi."
"Wrong email format","Väärä sähköposti muodossa"
"Wrong or expired Gift Card Code.","Väärä tai vanhentunut lahjakortin koodi."
"Wrong theme format.","Väärä teema -muodossa."
"YYYY","VVVV"
"Year","Year"
"You are already logged in.","Olet jo kirjautunut sisään"
"You can watch statistics here.","Voit katsella tilastoja täällä."
"You need to enable PayPal Express Checkout first from the Payment configuration before enabling PayPal MECL.","Sinun tulee aktivoida PayPal Express Checkout ensinMaksu asetuksia ennen mahdollistaa PayPal MECL."
"You will receive an order confirmation email with details of your order and a link to track its progress.","Saattilausvahvistuksen sähköpostitse tiedot tilauksen jalinkin seurata sen edistymistä."
"Your current balance is:","Nykyinen saldo on :"
"Your order # is: %s. ","Tilauksesi # on : %s."
"Your review has been accepted for moderation.","Oma arvostelusi on hyväksytty maltillisesti."
"Zip/Postal Code","Zip / Postal Code"
"\'%s\' exceeds the allowed file size: %d (bytes)","\'%s\' ylittääsallittu tiedostokoko : %d ( tavua )"
"\'%s\' height exceeds allowed value of %d px","\'%s\' korkeus ylittää sallitun arvon %d px"
"\'%s\' is not a valid file extension. Allowed extensions: %s","\"%s\"ei ole kelvollinen tiedostopääte . sallittu laajennukset: %s"
"\'%s\' width exceeds allowed value of %d px","\'%s\' leveys ylittää sallitun arvon %d px"
"and","ja"
"each","jokainen"
"iPad","iPad"
"iPhone","iPhone"
"save","pelastaa"
"ver. %s","ver . %s"
