" and ","og"
" The customer doesn't exist in the system anymore","Kunden Finnes ikke Lenger i systemet"
"(Absolute path or Relative to Magento install root, ex. var/export)","( Absolutt sti Eller relativ sti Til Magentos installasjonsrot , F.eks . Var / eksport )"
"(If left empty will be auto-generated)","( Automatisk selv generert HVIS tom )"
"(Starting with)","( Begynner med)"
"(For US 2-letter state names)","(For Amerikanske to- bokstavs statnavn )"
"(When 'No', only mapped fields will be imported. When mapping, use 'column1', 'column2', etc.)","( HVIS ' Nei ' Vil KUN koblede Felter importeres . Nar du Kobler følte , Bruk ' kolonne1 ', ' kolonne2 ' , etc. )"
"(Leave empty for first spreadsheet)","( La sta tom for first regneark )"
"(Products will be added/updated to this store if 'store' column is blank or missing in the import file.)","( Produkter Vil Legges til / oppdateres i this Butikken HVIS ' store' kolonnen eh blank Eller Mangler jeg importfilen . )"
"(Shift-)Click or drag to change value","( Shift - ) Klikk eller dra for å endre verdi"
"(You have to increase php memory_limit before changing this value)","( Du må øke php memory_limit før du endrer denne verdien )"
"(\t for tab)","( \ t for tab )"
"* - If indexing is in progress, it will be killed and new indexing process will start","* - Dersom indeksering Pågar Vil hiet BLI stoppet og en ny startet"
"- Click on any of the time parts to increase it","- Klikk på en av tidsdelene for å øke den"
"- Hold mouse button on any of the above buttons for faster selection.","- Hold museknappen på noen av knappene over for raskere valg ."
"- or click and drag for faster selection.","- Eller klikk og dra for raskere valg ."
"- or Shift-click to decrease it","- Eller Shift - klikk for å senke"
"- Use the %s buttons to select month","- Bruk %s for å velge måned"
"- Use the %s, %s buttons to select year","- Bruk %s , %s for å velge år"
"-- Please select --","- Velg -"
"-- Please Select --","- Velg -"
"-- Please select a category --","- Velg en kategori -"
"--Please Select--","- Velg -"
"1 Hour","1 time"
"12 Hours","12 timer"
"12h AM/PM","12h AM / PM"
"2 Hours","2 timer"
"24 Hours","24 timer"
"24h","24 timer"
"2YTD","2YTD"
"6 Hours","6 timer"
"<h1 class=""page-heading"">404 Error</h1><p>Page not found.</p>","<h1 class=""page-heading""> 404 Feil < / h1 > <p> Fant ikke of page . < / p >"
"<h1 class=""page-heading"">Access denied</h1><p>Access denied.</p>","<h1 class=""page-heading""> INGEN tilgang < / h1 > <p> INGEN tilgang . < / p >"
"Processed <strong>%s%% %s/%d</strong> records","<strong> %s % % %s / %d < / strong > oppføringer prosessert"
"Imported <strong>%s</strong> records","<strong> %s < / strong > oppføringer bart importert"
"A new password was sent to your email address. Please check your email and click Back to Login.","Et nytt passord ble sendt til din e-postadresse. Vennligst sjekk e-posten din og klikk Tilbake til innlogging ."
"Price alert subscription was saved successfully","Abonnement In prisvarsling bart lagret"
"About the calendar","Om kalenderen"
"Account Created on (%s):","Account Created on ( %s ) :"
"Add","Legg"
"Add after","Legg til etter"
"Add Contents Path","Legg Innhold Sti"
"Add Exception","Legg Unntak"
"Add Field with URL:","Legg til felt med URL:"
"Add Maintainer","Legg Vedlikeholder"
"Add New osCommerce Profile","Legg til ny osCommerce profil"
"Add new store view map","Legg ny butikk vis kart"
"Add new website map","Legg nytt nettsted kartet"
"Add Package dependency","Legg pakken avhengighet"
"Add PHP Extension dependency","Legg PHP Extension avhengighet"
"Add Subpackage dependency","Legg Subpackage avhengighet"
"Add Urlrewrite","Legg Urlrewrite"
"Add Urlrewrite for a Category","Legg Urlrewrite for en kategori"
"Add Urlrewrite for a Product","Legg Urlrewrite for et produkt"
"Admin","Admin"
"Address Type:","Adressetype :"
"Advanced Admin Section","Avansert Admin Seksjon"
"Advanced Section","Avansert Seksjon"
"Warning: Please don't close window during importing/exporting data",": Advarsel : Ikke inn Lukk Vinduet henhold importering / eksportering AV- data"
"Enable","Aktiver"
"Enabled","Aktivert"
"Active","Aktivert"
"All Cache","Alle Cache"
"All","Alle"
"All Store Views","Alle butikkvisninger"
"All fields","Alle Felter"
"All Files","Alle Filer"
"All countries","Alle land"
"All Websites","Alle nettsteder"
"All Tags","Alle tagger"
"All possible rates were fetched, click on ""Save"" to apply","Alle tilgjengelige valutakurser hentet inn, click "" Lagre "" for en TA jeg Bruk endringene"
"All Allowed Countries","Alle tillatte land"
"Options","Alternativer"
"Recommended","Anbefalt"
"Please specify at least start or end date.","Angi minimum start -Eller sluttdato ."
"Qty","ANTALL"
"Quantity","ANTALL"
"Number of Uses","ANTALL anvendelser"
"Number of Use","ANTALL anvendelser"
"Number of Orders","ANTALL bestillinger"
"Api Key","API-nøkkel"
"Api Key Confirmation","API-nøkkel Bekreftelse"
"API Stability","API - stabilitet over"
"API Version","API - versjon"
"API:","API :"
"Area","område"
"Archive file name:","Arkivfilnavn :"
"Items to merge","Artikler Som SKAL SLA Sammen"
"Attributes","attributter"
"Attribute set was successfully removed.","Attributtsett bare fjernet ."
"Attribute set successfully saved.","Attributtsett bart lagret ."
"Attribute Set Name:","Attributtsettnavn :"
"of %s pages","v %s sider"
"Available Products","tilgjengelige produkter"
"Import/Export Advanced","Avansert importering / eksportering"
"Advanced Profiles","Avanserte profiler"
"Dependencies","Avhengigheter"
"Uninstall","Avinstallere"
"Uninstalling $pkg, please wait...","Avinstallerer $ pkg , Vennligst vent ..."
"Uninstalling selected packages, please wait...","Avinstallerer valgte pakker , Vennligst vent ..."
"Sender","Avsender"
"Poll was successfully saved","Avstemningen bart lagret"
"Poll was successfully deleted","Avstemningen bart Slettet"
"Poll Manager","Avstemningsbehandling"
"Wishlist Report","Ønskelisterapport"
"Instant Payment Notification (IPN)","Øyeblikkelig Betalingstilbakemelding ( IPN )"
"Year","ar"
"b","b"
"Bcc","bcc"
"Both (without and with tax)","Begge (med Møre Uten moms )"
"Manage Stores","Behandle butikker"
"Current Configuration Scope:","Behandle innstillinger for :"
"Manage Installed Extensions","Behandle installerte utvidelser"
"Manage Customers","Behandle Kunder"
"Url Rewrite Management","Behandle URLer"
"Manage Currency Rates","Behandle valutakurser"
"Manage Ratings","Behandle vurderinger"
"Sorry, this feature is coming soon...","Beklager , this funksjonaliteten Kommer Snart ..."
"Amounts","Beløp"
"Description","BESKRIVELSE"
"Description:","BESKRIVELSE :"
"Orders","Bestillinger"
"Bestsellers","Bestselgere"
"Payment method must be specified","Betalingsmetode ma spesifiseres"
"Images","Bilder Kjøre"
"Images (.gif, .jpg, .png)","Bilder Kjøre ( . Gif , . Jpg, . Png )"
"Browse Available Remote Extensions","Bla gjennom tilgjengelige eksterne utvidelser"
"Browse Available Extensions","Bla gjennom tilgjengelige utvidelser"
"Browse Files...","Bla gjennom ..."
"Block Information","Blokkinformasjon"
"Please use this date format: dd/mm/yyyy. For example 17/03/2006 for the 17th of March, 2006.","Bruk dette datoformatet : DD / MM / Ã ... Ã ... Ã ... Ã .... For eksempel 17.03.2006 for 17 . mars , 2006 ."
"Please use only letters (a-z) or numbers (0-9) only in this field. No spaces or other characters are allowed.","Bruk kun bokstaver ( az ) Eller høy ( 0-9 ) i dette feltet . INGEN mellomrom Eller André tens tegn eh Tillatt ."
"Please use only letters (a-z) or numbers (0-9) or spaces and # only in this field.","Bruk kun bokstaver ( az ) , tall ( 0-9 ) , mellomrom Eller # i dette feltet ."
"Please use numbers only in this field. please avoid spaces or other characters such as dots or commas.","Bruk kun tall i dette feltet . Unngå mellomrom og André tens tegn Som Punktum og komma ."
"Please use in this field only ""a-z,0-9,_"".","Bruk kun tegnene "" a- z ,0 - 9 , _ "" i dette feltet ."
"Use website","Bruk Nettsted"
"Use default","Bruk standard"
"Use Default Value","Bruk standardverdi"
"User","Bruker"
"User was successfully saved","Bruker bart lagret"
"User was successfully deleted","Bruker BLE Slettet"
"User with the same User Name or Email aleady exists","Bruker Med Samme brukernavn Eller e - post eksisterer allerede"
"User ID","Bruker - ID"
"Users","Brukere"
"User Email","Brukere - post"
"User Info","Brukerinfo"
"User Information","Brukerinformasjon"
"User Name","Brukernavn"
"User name","Brukernavn"
"User Name:","Brukernavn :"
"User Role","Brukerrolle"
"User Roles Information","Brukerrolleinformasjon"
"User Roles","Brukerroller"
"Bundle Items","Bundle Items"
"Bundle with dynamic pricing cannot include custom defined options. Options will not be saved.","Bunt med dynamisk prising ikke kan omfatte tilpasset definerte alternativer . Alternativene vil ikke bli lagret ."
"Store","Butikk"
"Store:","Butikk :"
"Store View","Butikkvisning"
"Cache Management","cache behandling"
"Cache Control","cache kontroll"
"Cache Control (beta)","Cache Control ( beta )"
"Can not add new comment.","Kan ikke legge til ny kommentar ."
"Can not add tracking number.","Kan ikke legge til sporingsnummer ."
"Can not delete tracking number.","Kan ikke slette sporingsnummer ."
"Can not do credit memo for order","Kan ikke gjøre kreditnota for bestilling"
"Can not do invoice for order","Kan ikke gjøre faktura for bestilling"
"Can not do shipment for order.","Kan ikke gjøre forsendelse for bestilling ."
"Can not initialize shipment for adding tracking number.","Kan ikke initial forsendelsen for å legge til sporingsnummer ."
"Can not initialize shipment for delete tracking number.","Kan ikke initial forsendelse for slettesporingsnummer."
"Can not load track with retrieving identifier.","Kan ikke laste inn spor med å hente identifikator ."
"Can not retrieve tracking number detail.","Kan ikke hente sporingsnummeretdetalj ."
"Can not save credit memo","Kan ikke lagre kreditnota"
"Can not save invoice","Kan ikke lagre faktura"
"Can not save shipment.","Kan ikke lagre forsendelsen ."
"Can not send shipment information.","Kan ikke sende sendingsinformasjon ."
"Can not update item qty","Kan ikke oppdatere Artikkel Antall"
"Cancel","Kansellert"
"Catalog Rewrites","Katalog Omskrivinger"
"Catalog Rewrites was refreshed successfully","Katalog Omskrivinger ble fornyet suksess"
"Catalog Rewrites were refreshed successfully","Katalog Omskrivinger var uthvilt vellykket"
"CatalogInventory Stock Status rebuild error. Please try again later","CatalogInventory Stock Status gjenoppbygge feil . Vennligst prøv igjen senere"
"CatalogInventory Stock Status was rebuilt successfully","CatalogInventory Stock Status ble gjenoppbygd med suksess"
"Category:","Kategori :"
"Checkbox","Avmerkingsboks"
"Clear","Clear"
"Close","Lukk"
"close","nær"
"Comment text field can not be empty.","Kommentar tekstfeltet kan ikke være tom ."
"Confirmed email:","Bekreftet epost :"
"Create a backup","Lag en sikkerhetskopi"
"Create DB Backup","Lag DB Backup"
"Create New Staging Store View","Opprett ny Staging Butikk Vis"
"Create Urlrewrite:","Lag Urlrewrite :"
"Created <strong>%s</strong> items","Laget <strong> %s < / strong> elementer"
"Credit Memo cancel error.","Kreditnota avbryte feil ."
"Credit Memo total must be positive.","Credit Memo totalt skal være positiv."
"Credit Memo void error","Credit Memo void error"
"Credit Memo was successfully canceled.","Kreditnota ble vellykket kansellert ."
"Credit Memo was successfully created","Kreditnota er opprettet"
"Credit Memo was successfully voided","Kreditnota ble vellykket annullert"
"CRITICAL","KRITISK"
"critical","kritisk"
"CSV","CSV"
"Currency Setup Section","Valuta Setup Seksjon"
"Package %s data was successfully loaded","Data for Pakke %s bart lastet"
"Data Format","dataformat"
"Data transfer:","Dataoverføring :"
"Date","dato"
"Date & Time","Dato og tid"
"Date selection:","Valg av dato :"
"Date Added","Dato lagt Til"
"Date Updated","Dato oppdatert"
"Date:","Dato :"
"Date selector","Datovelger"
"Day","dag"
"Disable","Deaktiver"
"Disabled","Deaktivert"
"Decimal separator:","Desimaltegn :"
"Default display currency ""%s"" is not available in allowed currencies","Standard visnings valuta "" %s "" er ikke tilgjengelig i lov valutaer"
"Delete %s","Slett %s"
"Delete %s '%s'","Slett %s ' %s'"
"Subtotal","Delsum"
"Subtotal Amount","Delsum"
"This user no longer exists","This brukeren eksisterer ikke Lenger"
"This tab contains invalid data. Please solve the problem before saving.","This fanen Inneholder ugyldige data . Finn en Løsning In problemet for Du lagrer ."
"This account is","This kontoen eh"
"Design","Design"
"Design Section","Design Seksjon"
"Design change saved","Designendring lagret"
"Design change deleted","Designendring Slettet"
"This attribute shares the same value in all the stores","Dette attributtet harmon Samme Verdis jeg Allé Butikkene"
"This attribute set don't have attributes which we can use for configurable product","Dette attributtsettet HAR ikke attributter SOM Kan brukes for et konfigurerbart Produkt"
"This is a required field.","Dette ER et obligatorisk følte ."
"Developer Section","Utvikler Seksjon"
"DHTML Date/Time Selector","DHTML Dato / tid Selector"
"Display %s first","Skjerm%s første"
"Distributed under GNU LGPL. See %s for details.","Distribuert under GNU LGPL . Se %s for detaljer ."
"Do you really want to KILL parallel process and start new indexing process?","Har du virkelig ønsker å drepe parallell prosess og starte nye indekseringsprosessen ?"
"Drag to move","Dra for å flytte"
"Drop-down","Drop - down"
"You successfully logged out.","Du ER NÅ logget ut ."
"You have","du harmon"
"You have not enought permissions to use this functionality.","Du Har ikke tilstrekkelige Rettigheter for å. bruke this funksjonaliteten ."
"You have not enought permissions to login.","Du Har ikke tilstrekkelige Rettigheter for å. Logge inn."
"You cannot delete account of yourself","Du Kan ikke Slette Din egen KONTO"
"You can not delete self assigned roles.","Du Kan ikke Slette selvbetjeningskvarter tildelte roller ."
"Email","E - post"
"Order confirmation email not sent","E - post MED ordrebekreftelse ikke varsel sendt"
"Order confirmation email sent","E - post MED ordrebekreftelse varsel sendt"
"Email:","E - post :"
"Email address is empty.","E - Postadresse eh tom ."
"Email Address:","E - postadresse:"
"Edit Urlrewrite","Edit Urlrewrite"
"Export to:","Ekporter til: Skriv"
"Exclude","Ekskluder"
"Exclude (comma separated)","Ekskluder ( kommaseparert )"
"Export","Eksporter"
"Export CSV","Eksporter CSV ( kommaseparert )"
"Export:","Eksporter :"
"Export Filters","Eksportfiltre"
"Remote FTP","Ekstern FTP"
"Remote URL:","Ekstern URL:"
"Email to a Friend","Send e-post til en venn"
"Subject","emne"
"Edit","Endre"
"Edit Poll","Endre avstemning"
"Edit User","Endre Bruker"
"Edit User '%s'","Endre Bruker ' %s'"
"Edit Store View","Endre butikkvisning"
"Edit Email Template","Endre e - postmal"
"Edit Template","Endre mal"
"Edit Website","Endre Nettsted"
"Edit Role","Endre Rolle"
"Resize","Endre Størrelse"
"Edit System Template","Endre systemmal"
"Edit Tag","Endre Tagg"
"Changelog","Endringslogg"
"Connect with the Magento Community","Engasjer grader i Magento"
"Any","Enhver"
"Any Store","Enhver butikk"
"Any Group","Enhver Gruppe"
"Any Status","Enhver status"
"Any Visibility","Enhver synlighet"
"Any Type","Enhver typen"
"Individual Item","Enkeltartikkel"
"Are you sure you wish to UNINSTALL all selected packages?","Er du Sikker Pa ved du Vil AVINSTALLERE på alle valgte pakker ?"
"Are you sure that you want to strip tags?","Er du Sikker Pa ved du Vil fjerne taggene ?"
"Are you sure you wish to INSTALL all selected packages?","Er du Sikker Pa ved du Vil INSTALLERE på alle valgte pakker ?"
"Are you sure you wish to UPGRADE all selected packages?","Er du Sikker Pa ved du Vil OPPGRADERE på alle valgte pakker ?"
"Are you sure that you want to delete this template?","Er du Sikker Pa ved du Vil Slette this malen ?"
"Are you sure you want to do this?","Er du Sikker ?"
"Error while cleared Image cache. Please try again later","Feil ved ryddet Bilde cache . Vennligst prøv igjen senere"
"Error while finished process. Please refresh cache","Feil ved ferdig prosess . Vennligst oppdater cache"
"Error while refreshed Catalog Rewrites. Please try again later","Feil ved uthvilt Catalog omskrivninger . Vennligst prøv igjen senere"
"Error while refreshed Layered Navigation Indices. Please try again later","Feil ved forfrisket Layered Navigation indekser . Vennligst prøv igjen senere"
"Error while saving account. Please check all required fields","Feil ved lagring konto . Vennligst sjekk alle obligatoriske felter"
"Any Attribute Set","Ethvert attributtsett"
"Lastname","etternavn"
"Last Name","etternavn"
"Last Name:","etternavn :"
"example: ""sitemap/"" or ""/"" for base path (path must be writeable)","eksempel : "" sitemap / "" eller "" / "" for basen banen (bane må være skrivbare )"
"example: sitemap.xml","eksempel : sitemap.xml"
"Excl. Tax","Eks . Skatte"
"Failed to add a product to cart by id ""%s""","Klarte å legge et produkt i handlekurven etter id "" %s """
"Failed to load %1$s.xml or %1$s.ser","Kunne ikke laste % 1 $ s.xml eller% 1 $ s.ser"
"Invoice #%s created","Faktura #%s opprettet"
"Invoice was successfully canceled.","Faktura annulert ."
"Invoice was successfully created.","Faktura opprettet ."
"Billing address","Fakturaadresse"
"Billing Address","Fakturaadresse"
"Invoice History","Fakturahistorikk"
"Invoice was successfully captured","Fakturering fullført"
"No records found for this period.","Fant INGEN resultater for this perioden ."
"Wrong tab configuration","Feil faneinstillinger"
"Wrong column format","Feil kolonneformat"
"Error while saving this configuration: ","Feil etter lagring AV- konfigurasjon :"
"Error while updating selected review(s). Please try again later.","Feil etter oppdatering AV valgte omtaler . Prov IGJEN SENERE ."
"Error while create backup. Please try again later","Feil etter opprettelse AV sikkerhetskopi . Vennligst prov IGJEN SENERE"
"Error while saving this role. Please try again later.","Feil ved småbåt lagring AV this Rollen . Prov IGJEN ."
"Error while saving account. Please try again later","Feil ved småbåt lagring AV KONTO . Prov IGJEN ."
"Error uploading the file","Feil ved småbåt opplasting AV- fil"
"Error while deleting this role. Please try again later.","Feil ved småbåt Sletting AV this Rollen . Prov IGJEN ."
"Error while deleting this set.","Feil ved småbåt Sletting AV- innst ."
"Field Mapping","Feltkobling"
"Complete","Ferdig"
"Field","feltet"
"File","File"
"File Information","Filinformasjon"
"File name:","Filnavn :"
"File size should be more than 0 bytes","Filstørrelse SKAL va | re mer Enn 0 bytes"
"Finished items creation.","Ferdig elementer skapelse ."
"Fixed","fast"
"Remove","PS:"
"Unselect All","PS: Alle"
"Flat Catalog Category rebuild error","Flat Catalog Kategori gjenoppbygge feil"
"Flat Catalog Category was rebuilt successfully","Flat Catalog Kategori ble gjenoppbygd med suksess"
"Flat Catalog Product rebuild error. Please try again later","Flat Katalogen Produkt gjenoppbygge feil . Vennligst prøv igjen senere"
"Flat Catalog Product was rebuilt successfully","Flat Katalogen Produkt ble gjenoppbygd med suksess"
"For category","for kategori"
"For latest version visit: %s","For nyeste versjon besøk: %s"
"For product","for produkt"
"Preparing to change $pkg, please wait...","Forbereder AUP AV $ pkg , Vennligst vent ..."
"Request Path","Forespørselssti"
"Preferred state","Foretrukket tilstand"
"Preview","Forhåndsvisning"
"Email Preview","Forhåndsvisning AV- e - post"
"Preview Template","Forhåndsvisning AV- mal"
"Firstname","fornavn"
"First Name","fornavn"
"First Name:","fornavn:"
"Previous page","Forrige side"
"Shipping","Forsendelse"
"Shipment #%s created","Forsendelse #%s opprettet"
"Shipment History","Forsendelseshistorikk"
"Shipping origin","Forsendelsesopprinnelse"
"From","Fra"
"from","fra"
"FTP Host[:Port]","FTP - tjener [ : port ]"
"Region/State","Fylke / stat"
"Please enter a valid date.","Fyll inn no Gyldig Dato . Bruk / istedenfor ."
"Please enter a valid email address. For example johndoe@domain.com.","Fyll inn no Gyldig e - Postadresse . For eksempel ola@normann.no ."
"Please enter a valid URL. For example http://www.example.com or www.example.com","Fyll inn no Gyldig URL. For eksempel http://www.eksempel.no Eller www.eksempel.no"
"Please enter a valid URL. http:// is required","Fyll inn no Gyldig URL. http:// eh obligatorisk"
"Please enter a valid value from list","Fyll inn no Gyldig Verdis FRA lytte"
"Please enter a valid value, ex: 10,20,30","Fyll inn no Gyldig Verdi, ex : 10,20,30"
"Please enter a valid $ amount. For example $100.00.","Fyll inn et Gyldig Beløp . For eksempel 100 ."
"Please enter a valid credit card number.","Fyll inn et Gyldig kredittkortnummer ."
"Please enter valid password.","Fyll inn et Gyldig passord ."
"Please enter a valid social security number. For example 123-45-6789.","Fyll inn et Gyldig personnummer ."
"Please enter a valid zip code. For example 90602 or 90602-1234.","Fyll inn et Gyldig postnummer ."
"Please enter a valid zip code.","Fyll inn et Gyldig postnummer ."
"Please enter a valid number in this field.","Fyll inn et Gyldig høye i dette feltet ."
"Please enter a valid phone number. For example (123) 456-7890 or 123-456-7890.","Fyll inn et Gyldig Telefonnummer ."
"Please enter a number greater than 0 in this field.","Fyll inn et tall større Enn null i dette feltet ."
"Please fill in 'email' field.","Fyll inn feltet ""e - post ""."
"Please enter 6 or more characters.","Fyll inn minimum Seks tens tegn ."
"Old rate:","Gammel kurs :"
"Gb","gb"
"General Section","Generell seksjon"
"General Information","Generell Informasjon"
"Current Release Information","Gjeldende versjonsinformasjon"
"Average Orders","Gjennomsnittlig bestilling"
"Average Order Amount","Gjennomsnittlig ordresum"
"Guest","Gjest"
"Done by:","Gjort av:"
"Done By:","Gjort av:"
"Forgot your user name or password?","Glemt brukernavn Eller passord?"
"Forgot your password?","Glemt Ditt passord?"
"Global Attribute","Globalt attributt"
"Global Search","Globalt søk"
"Go Today","gå dag"
"Google Base","Google Base"
"Google Base Items","Google Base Items"
"Group:","Gruppe :"
"Shopping Cart from %s","Handlekurv FRA %s"
"Action","håndtering"
"Actions","Handlinger"
"Actions XML","Handlinger XML"
"Get Image Base64","HENT bildets Base64 - representasjon"
"Retrieve Password","HENT passord"
"Get help for this page","HJELP for This page"
"Help Us Keep Magento Healthy - Report All Bugs","HJELP OSS- Å Holde Magento frisk - rapporter på alle Feil"
"Home","Hjem"
"Base currency","Hovedvaluta"
"HTTP (unsecure)","HTTP ( usikker )"
"Upload HTTP Error","HTTP - Feil etter opplasting"
"HTTPS (SSL)","HTTPS ( SSL )"
"What is this?","HVA ER dette ?"
"In","jeg"
"In Database:","Jeg database :"
"Please use letters only (a-z) in this field.","Jeg dette feltet Håkan bart bokstaver ( a- z ) benyttes ."
"In File:","Jeg FIL :"
"Upload I/O Error","I / O - Feil etter opplasting"
"ID","ID"
"ID Path","ID - sti"
"Ignore","Ignorer"
"Unable to find a poll to delete","Ikke jeg står Til Å Finne en avstemning Å Slette"
"Unable to find a user to delete","Ikke jeg står Til Å Finne no Bruker Å Slette"
"Unable to find a tag to delete","Ikke jeg står Til Å Finne en Tagg Å Slette"
"Unable to initialize import model","Ikke jeg står Til Å Starter importmodellen"
"Image cache was cleared successfully","Bilde cache ble ryddet vellykket"
"Images Cache","bilder Cache"
"images/logo.gif","images / logo.gif"
"Import","importør"
"Import/Export Profile","Importør / Eksporter profil"
"Import/Export","Importering / eksportering"
"Import Service","Importtjeneste"
"Inactive","inaktiv"
"Incl. Tax","Inkl. . Skatte"
"Incoming Message","innkommende melding"
"Remote Extension Info","Info om Ekstern utvidelse"
"Installed Extension Info","Info om installert utvidelse"
"Release Info","Info om utgivelse"
"Template Information","Informasjon OM mal"
"Sitemap Information","Informasjon OM sidekart"
"The information in this tab has been changed.","Informasjonen jeg This fanen eh Endret ."
"Cookie (Unsafe)","Informasjonskapsel ( usikker )"
"None","INGEN"
"No Data Found","INGEN data funnet"
"No Templates Found","INGEN maler funnet"
"No profile","INGEN profil"
"No profile loaded...","INGEN profil lastet ..."
"No records found.","INGEN resultater funnet ."
"No search modules registered","INGEN søkemoduler REGISTRERT"
"No search keywords.","INGEN SØKEORD ."
"Access Denied.","INGEN tilgang ."
"No Extensions Found","INGEN utvidelser funnet"
"Include","Inkluder"
"Contents","Innhold"
"Configuration","Innstillinger"
"Configuration successfully saved","Innstillinger bart lagret"
"Install","installatør"
"Install Package File","Installer pakkefil"
"Installing $pkg, please wait...","Installerer $ pkg , Vennligst vent ..."
"Installing selected packages, please wait...","Installerer valgte pakker , Vennligst vent ..."
"Installed As","Installert Som"
"Installed Version","Installert versjon"
"Entity Type","Instanstype"
"Entity type:","Instanstype :"
"Interactive","Interaktiv"
"Invalid Form Key. Please refresh the page.","Ugyldig Form Key . Vennligst oppdater siden ."
"Invalid parrent block for this block","Ugyldig parrent blokk for denne blokken"
"Invalid POST data (please check post_max_size and upload_max_filesize settings in you php.ini file)","Ugyldige POST data (sjekk post_max_size og upload_max_filesize innstillingene i deg php.ini fil )"
"Invalid Secret Key. Please refresh the page.","Ugyldig hemmelig nøkkel . Vennligst oppdater siden ."
"Inventory Stock Status","Inventar Stock Status"
"Invoice and shipment was successfully created.","Faktura og forsendelse ble opprettet."
"Invoice cancel error.","Faktura avbryte feilen ."
"Invoice capture error","Faktura digitaliseringsfeil"
"Invoice void error","Faktura void error"
"Invoice was successfully voided","Faktura ble vellykket annullert"
"IP Address","IP - adresse"
"Issuer: %s","Utsteder : %s"
"Yes","ja"
"Yes (only price with tax)","Ja ( kun PRIS inkl . Moms )"
"Promo","Kampanjer og rabatter"
"Can't find email address.","Kan ikke Finne epost - adresse ."
"Can't delete design change","Kan ikke Slette designendring"
"Channel","Kanal"
"Channel:","Kanal :"
"Catalog","katalog"
"Category","kategori"
"Kb","Kb"
"Run","Kjør"
"Run in popup","Kjør i NYTT Vindu"
"Run Profile","Kjør profil"
"Run Profile Inside This Window","Kjør profil i dette Vinduet"
"Run Profile In Popup","Kjør profil i NYTT Vindu"
"Running:","Kjører :"
"CSV / Tab separated","Komma -Eller tabulatorseparert"
"Invoice #%s comment added","Kommentar lagt Til faktura #%s"
"Credit Memo #%s comment added","Kommentar lagt Til kredittnota #%s"
"Shipment #%s comment added","Kommentar Til forsendelse #%s lagt Til"
"Shipment Comments","Kommentarer Til forsendelse"
"Comments History","Kommentarhistorikk"
"Conflicts","Konflikter"
"Account Created in:","Konto opprettet i:"
"Account Created on:","Konto opprettet :"
"Account successfully saved","Kontoen bart lagret"
"Account Information","Kontoinformasjon"
"Account status","Kontostatus"
"Dashboard","Kontrollpanel"
"Convert to Plain Text","KONVERTER Til ren tekst"
"Card Verification Number","Kortverifiseringsnummer"
"Credit Card Number","Kredittkortnummer"
"Credit Card Number: xxxx-%s","Kredittkortnummer : xxxx - %s"
"Credit Card Type","Kredittkorttype"
"Credit Card Type: %s","Kredittkorttype : %s"
"Credit Memo #%s created","Kredittnota #%s opprettet"
"Credit Memo History","Kredittnotahistorikk"
"Only attributes with scope ""Global"", input type ""Dropdown"" and Use To Create Configurable Product ""Yes"" are available.","Kun attributter Med Omfang "" Globalt "" , inndatatype "" Nedtrekksliste "" og ""Bruk i konfigurerbare Produkter "" avmerket eh tilgjengelige ."
"Only mapped fields","Kun koblede Felter"
"List only","Kun Liste"
"Grid only","Kun rutenett"
"Switch/Solo Only","Kun Switch / Solo"
"Switch/Solo/Maestro(UK Domestic) Only","Kun Switch / Solo / Maestro (UK Domestic )"
"Customer","Kunde"
"Customer with the same email already exists.","Kunde Med Samme e - Postadresse Finnes allerede"
"Customer Since:","Kunde of page :"
"Customer Group:","Kundegruppe :"
"Customer was successfully saved","Kunden bart lagret"
"Customer was deleted","Kunden bart Slettet"
"Customer Name","Kundenavn"
"Customers","Kunder"
"Rates","kurser"
"Create Extension Package","Lag utvidelsespakke"
"Stock Quantity:","Lagerbeholdning :"
"Save","Lagre"
"Save User","Lagre Bruker"
"Save data and Create Package","Lagre data og lag Pakke"
"Save cache settings","Lagre hurtigbufferinnstillinger"
"Save Config","Lagre konfigurasjon"
"Save Account","Lagre KONTO"
"Save Template","Lagre mal"
"Save and Continue Editing","Lagre og fortsett å. Endre"
"Save And Continue Edit","Lagre og fortsett å. Endre"
"Save PEAR Config","Lagre PEAR - innstillinger"
"Save Profile","Lagre profil"
"Save Role","Lagre Rolle"
"Save Currency Rates","Lagre valutakurser"
"Country","land"
"Country:","land :"
"Last Logged In (%s):","Sist logget inn ( %s ) :"
"Load Template","Siste mal"
"Download Remote File","Siste ned Ekstern fil"
"Download and Install","Siste ned og installer"
"Upload File","Siste Opp fil"
"Upload Files","Siste Opp Filer"
"Upload import file","Siste Opp importfil"
"Upload Local File","Siste Opp lokal fil"
"Upload local file:","Siste Opp lokal fil :"
"Upload and Install","Siste Opp og installatør"
"Load default template","Siste standardmal"
"Downloading and installing $pkg, please wait...","Laster ned og installerer $ pkg , Vennligst vent ..."
"Loading...","Laster ..."
"Latest Message:","Siste melding:"
"Layered Navigation indexing queue cancelled","Lagdelt Navigation indeksering køen avbrutt"
"Layered Navigation indexing queued","Lagdelt Navigation indeksering kø"
"Layered Navigation Indices","Lagdelte Navigation Indekser"
"Layered Navigation Indices was refreshed successfully","Lagdelt Navigation Indekser ble oppdatert vellykket"
"Layered Navigation Indices were refreshed successfully","Lagdelt Navigation Indekser var uthvilt vellykket"
"Layered Navigation process queued to be killed","Lagdelt Navigation prosessen i kø for å bli drept"
"Leave empty to use tax identifier","La stå tomt for å bruke skatte identifikator"
"Add Field Mapping","Endring i epost Legg Til feltkobling"
"Please, add a few answers to this poll first","Endring i epost Legg Til noen Svar for this avstemningen Forst"
"Add New User","Endring i epost Legg Til Ny bruker"
"Add New Template","Endring i epost Legg Til ny mal"
"Add New Profile","Endring i epost Legg Til ny profil"
"Add new Role","Endring i epost Legg Til ny Rolle"
"Add New Role","Endring i epost Legg Til ny Rolle"
"Add New Urlrewrite","Endring i epost Legg Til ny URL - omskrivning"
"Add New Image","Endring i epost Legg Til NYTT bilde"
"Shipping address","Leveringsadresse"
"Shipping Address","Leveringsadresse"
"Shipping method must be specified","Leveringsmetode ma spesifiseres"
"Shipping Price","Leveringspris"
"Provided Files","Leverte Filer"
"Links","lenker"
"License","Lisens"
"License URI","Lisens - URI"
"License:","Lisens :"
"List (default) / Grid","Liste ( standard ) / rutenett"
"Load local Package","Load lokale Package"
"Login","logg inn"
"Log into Magento Admin Page","Logg In administrasjonspanelet"
"Log in to Admin Panel","Logg In administrasjonspanelet"
"Log Out","logg ut"
"Logged in as %s","Logget inn Som %s"
"Local Server","lokal tjener"
"Local/Remote Server","Lokal / Ekstern tjener"
"Locale","Lokaltilpasning"
"Interface Locale: %s","Lokaltilpasning AV- grensesnitt : %s"
"Magento Admin","Magento Administrasjon"
"Magento Connect","Magento Connect"
"Magento Connect Manager","Magento Connect Manager-"
"Magento is a trademark of Irubin Consulting Inc. DBA Varien. Copyright &copy; %s Irubin Consulting Inc.","Magento ER et varemerke i henhold Irubin Consulting Inc. DBA Varien . Kopibeskyttet © %s Irubin Consulting Inc."
"Magento ver. %s","Magento ver. %s"
"Magento&trade; is a trademark of Irubin Consulting Inc. DBA Varien.<br/>Copyright &copy; %s Irubin Consulting Inc.","Magento ™ ER et varemerke i henhold Irubin Consulting Inc. DBA Varien . <br/> Kopibeskyttet © %s Irubin Consulting Inc."
"Magento Logo","Magento - logo"
"MAJOR","MAJOR"
"major","store"
"Max","Maks ."
"Maximum","Maksimum"
"Template","Mal"
"Template Subject","Malemne"
"Template Content","Malinnhold"
"Template Name","Malnavn"
"Template Type","Maltype"
"Manage osCommerce Orders","Administrere osCommerce bestillinger"
"Manage osCommerce Profiles","Administrere osCommerce Profiler"
"Mapping Configuration","kartlegging Configuration"
"Matched expression","matchet uttrykk"
"Target Path","Målsti"
"Mb","Mb"
"md5sum","md5sum"
"Media (.avi, .flv, .swf)","Media ( . Avi , . Flv , . Swf )"
"Merge Now","Flett nå"
"Messages Inbox","meldinger Innboks"
"Most Viewed Products","MEST Viste Produkter"
"My Account","min Konto"
"Min","Min ."
"Thumbnail","Miniatyrbilde"
"Parent Product Thumbnail","Miniatyrbilde for overordnet Produkt"
"Minimum","minimum"
"Product Thumbnail Itself","Minityrbilde for Produkt"
"MINOR","MINDRE"
"minor","minor"
"Module version conflict!","Modulversjon konflikt !"
"Tax","moms"
"Month","måned"
"MS Excel XML","MS Excel XML"
"Multiple Select","multiple Select"
"N/A","N / A"
"Name","Navn"
"Name on Card","Navn In Kort"
"Name on the Card: %s","Navn In Kort : %s"
"Spreadsheet Name:","Navn In regneark :"
"Extension Name","Navn In utvidelse"
"Name:","Navn :"
"No","Nei"
"No (price without tax)","Nei ( PRIS UTEN moms )"
"Access Deny","Nekt tilgang"
"Next page","Neste side"
"Magento Commerce - Administrative Panel","Nettbutikk - Administrasjonspanel"
"Website","Nettsted"
"New Api Key","Nye API-nøkkel"
"New Item Type","Nytt element type"
"Next month (hold for menu)","Neste måned (hold for meny)"
"Next year (hold for menu)","Neste år (hold for meny)"
"Level","Nivå"
"No change","Ingen endring"
"Some of the ordered items don't exist in the catalog anymore and will be removed if you try to edit the order.","Noen Av de bestillte produktene eksisterer ikke Lenger I katalogen Møre VIL BLI fjernet dersom DU endrer PA ordren ."
"Notes","Notater"
"Notes:","Notater :"
"Note:","Merk :"
"NOTICE","VARSEL"
"notice","varsel"
"Number of records:","Antall poster :"
"New User","Ny bruker"
"New Store View","Ny butikkvisning"
"New Email Template","Ny e - postmal"
"New Template","Ny mal"
"New Profile","Ny profil"
"New System Template","Ny systemmal"
"New Tag","Ny Tagg"
"New Extension","Ny utvidelse"
"New Accounts","Nye kontoer"
"New Customers","Nye Kunder"
"New admin password","Nytt administratorpassord"
"New Website","Nytt Nettsted"
"New Password","Nytt passord"
"Required","Obligatorisk"
"store(%s) scope","Omfang for butikk ( %s )"
"website(%s) scope","Omfang for Nettsted ( %s )"
"Enclose Values In:","Omgi Verdier med:"
"State/Province:","Område :"
"Revenue","Omsetning"
"One of options row has error","Ett av alternativene rad har feil"
"Update","Oppdatér"
"Refresh","Oppdater"
"Updated At","oppdatert hiet"
"Upgrade","Oppgrader"
"Upgrade all packages","Oppgrader på alle pakker"
"Upgrading all packages, please wait...","Oppgrader på alle pakker , Vennligst vent ..."
"Upgrade All Available Packages","Oppgrader på alle tilgjengelige pakker"
"Upgrade all available packages","Oppgrader på alle tilgjengelige pakker"
"Upgrading all available packages, please wait...","Oppgrader på alle tilgjengelige pakker , Vennligst vent ..."
"Upgrading selected packages, please wait...","Oppgrader valgte pakker , Vennligst vent ..."
"Upgrading $pkg, please wait...","Oppgraderer $ pkg , Vennligst vent ..."
"Create","Opprett"
"Create New Attribute","Opprett NYTT attributt"
"Created At","Opprettet hiet"
"or","eller"
"Order not longer exist","For ikke lenger eksisterer"
"Order not longer exist.","For ikke lenger eksisterer ."
"Order #%s","Ordrenummer %s"
"Order #%s (%s)","Ordrenummer %s ( %s )"
"Order Totals","ordretotal"
"Original Magento attribute names in first row:","Originale Magento attributtnavn jeg Første rad :"
"Package File Name","Package File Name"
"Package","Pakke"
"Package Information","Pakkeinformasjon"
"Package Info","Pakkeinformasjon"
"Packages","pakker"
"Passive mode","passiv modus"
"Password","Passord"
"Password:","Passord:"
"Password Confirmation","Passordbekreftelse"
"Payment Data Transfer (PDT)","Betaling Dataoverføring ( PDT )"
"PayPal Email","PayPal e - post"
"PEAR config","PEAR - instillinger"
"PEAR Configuration was successfully saved","PEAR - instillinger bart lagret"
"PEAR Console","PEAR - konsoll"
"Per Order","per ordre"
"per page","per side"
"Per Item","per VARE"
"Percent","prosent"
"Period","periode"
"Permanent (301)","Permanent ( 301 )"
"Personal Information","Personlig Informasjon"
"PHP Version","PHP - versjon"
"Position of Watermark for %s","Plassering AV vannmerke for%s"
"Please specify admin custom URL","Vennligst oppgi admin tilpasset URL"
"Please, select a store view","Vennligst velg en butikk visning"
"Zip/Postal Code","Postnummer"
"Zip/Postal Code:","Postnummer :"
"Prev. month (hold for menu)","Prev . måned (hold for meny)"
"Prev. year (hold for menu)","Prev . år (hold for meny)"
"Primary Billing Address","Prima | r fakturaadresse"
"Price","PRIS"
"Price:","pris:"
"Processed <strong>%s%% %s/%d</strong> items","Bearbeidet <strong> %s % % %s / %d < / strong > elementer"
"Product:","produkt :"
"Product","Produkt"
"Products","Produkter"
"Profile was successfully saved","Profilen bart lagret"
"Profile was deleted","Profilen bart Slettet"
"Profiles","Profiler"
"Profile Action","Profilhandling"
"Profile Actions XML","Profilhandlinger XML"
"Profile History","Profilhistorikk"
"Profile Information","Profilinformasjon"
"Finished profile execution.","Profilkjøring fullført ."
"Profile Name","Profilnavn"
"Profile Direction","Profilretning"
"Profile Wizard","Profilveiviser"
"Promotions","kampanjer"
"Queue Refresh","kø Refresh"
"Queued... Cancel","I kø ... Avbryt"
"Coupon Code","Rabattkode"
"Coupons","Rabattkoder"
"Discount Amount","Rabattsum"
"Radio Buttons","Radioknapper"
"Reports","Rapportar"
"Read details","Les detaljer"
"Rebuild","Gjenoppbygg"
"Rebuild Flat Catalog Category","Gjenoppbygge Flat Catalog Kategori"
"Rebuild Flat Catalog Product","Gjenoppbygge Flat Katalogen Produkt"
"Recursive Dir","rekursive Dir"
"Refresh Now*","Oppdater nå *"
"Resources","Ressurser"
"Resource Access","Ressurstilgang"
"Results","Resultater"
"Direction:","Retning :"
"Permissions","Rettigheter"
"Return Html Version","Returner HTML - versjon"
"Role","Rolle"
"Role ID","Rolle - ID"
"Role Users","Rollebrukere"
"Role Info","Rolleinfo"
"Role Information","Rolleinformasjon"
"Role successfully saved.","ROLLEN bart lagret ."
"Role successfully deleted.","ROLLEN bare Slettet ."
"Role Name","Rollenavn"
"Roles","Roller"
"Roles Resources","Rolleressurser"
"Role Resources","Rolleressurser"
"Rotate CW","Roter Med Klokken"
"Rotate CCW","Roter mot Klokken"
"Running... Kill","Kjører ... Kill"
"Grid (default) / List","Rutenett ( standard ) / Liste"
"Sales Report","Salgsrapport"
"Aggregate Order","Samlet ordre"
"Summary","Sammendrag"
"Summary:","Sammendrag:"
"Samples","Prøver"
"All valid rates successfully saved","Samtlige kurser bart lagret"
"All rates were fetched, click on ""Save"" to apply","Samtlige valutakurser bare hentet inn, click "" Lagre "" for en fullføre"
"Save & Generate","Lagre og generere"
"Save As...","Lagre som ..."
"Save package with custom package file name","Spar pakke med tilpassede pakke filnavn"
"Search","SOK"
"Global Record Search","SOK gjennom på alle butikker"
"Search Term","Søkefrase"
"Search Terms","Søkefraser"
"Schedule Merge","Planlegg Merge"
"Please make sure that your changes were saved before running the profile.","Se Til hos Alle endringene bart lagret for Du kjører profilen ."
"Please make sure that all global admin search modules are installed and activated.","Se Til hos Alle Globale adminsøkemoduler ER installert og aktivert ."
"Please make sure your passwords match.","Se Til på passordene eh lignende."
"Search Index","Søk Hovedsiden"
"Search Index rebuild error. Please try again later","Søk Index gjenoppbygge feil . Vennligst prøv igjen senere"
"Search Index was rebuilt successfully","Søk Index ble gjenoppbygd med suksess"
"Select","Velg"
"Select Category","Velg Kategori"
"Select date","Velg dato"
"Select website from map","Velg nettsted fra kartet"
"Select website to map","Velg nettsted for å kartlegge"
"Selected allow currency ""%s"" is not available in installed currencies","Valgt tillate valuta "" %s "" er ikke tilgjengelig i installerte valutaer"
"Selected base currency is not available in installed currencies","Valgt hovedvaluta er ikke tilgjengelig i installerte valutaer"
"Selected default display currency is not available in allowed currencies","Valgt standard visningsvaluta er ikke tilgjengelig i lov valutaer"
"Selected default display currency is not available in installed currencies","Valgt standard visningsvaluta er ikke tilgjengelig i installerte valutaer"
"Submit","Send"
"Separate email","separat epost"
"Shipment was successfully created.","Forsendelse ble opprettet."
"Shipment was successfully sent.","Forsendelse ble sendt ."
"Shipping address selection is not applicable","Leveringsadresse utvalget er ikke aktuelt"
"Shipping method selection is not applicable","Shipping metodevalg er ikke aktuelt"
"Page","side"
"Upload Security Error","Sikkerhetsfeil etter opplasting"
"Backup","Sikkerhetskopi"
"Backup record was deleted","Sikkerhetskopi bart Slettet"
"Backup successfully created","Sikkerhetskopi opprettet"
"Backups","Sikkerhetskopier"
"Last Logged In:","SIST logget inn :"
"Last 24 hours","Siste 24 timer"
"Recent Orders","Siste bestillinger"
"Last 5 Orders","Siste FEM bestillinger"
"Last 5 Search Terms","Siste FEM søkefraser"
"Last Month","Siste maned"
"Last 7 days","Siste sju dager Serie"
"Skip category selection","Hopp kategori utvalg"
"Toggle Editor","SLA AV / Pa redigering"
"Delete","Slett"
"Delete User","Slett Bruker"
"Delete Store View","Slett butikkvisning"
"Delete Template","Slett mal"
"Delete Website","Slett Nettsted"
"Delete Profile","Slett profil"
"Delete Role","Slett Rolle"
"Final Price","Sluttpris"
"Grand Total","Sluttsum"
"Some items in this order have different invoice and shipment types. You can create shipment only after the invoice is created.","Noen elementer i denne rekkefølgen har ulike faktura og forsendelse typer. Du kan opprette forsendelsen kun etter at fakturaen er opprettet ."
"Sort Order","Sorteringsrekkefølge"
"Specific Countries","Spesifikke land"
"Track this shipment","Spor this forsendelsen"
"Track order","Spor ordre"
"Tracking number %s for %s assigned","Sporingsnummer %s tildelt %s"
"SSL Error: Invalid or self-signed certificate","SSL feilmelding : Ugyldig Eller egetsignert sertifikat"
"Stability","Stabilitet"
"Staging Store: ","Staging Store:"
"Staging Website: ","Staging Hjemmeside:"
"Default (Admin) Values","Standard ( administrator ) Verdier"
"Default scope","standard Omfang"
"Default Config","Standardkonfigurasjon"
"Default Template from Locale","Standardmal FRA lokaltilpasning"
"Default Values","Standardverdier"
"Start Date","Startdato"
"Starting profile execution, please wait...","Starter profilkjøring , Vennligst vent ..."
"Status","status"
"Status:","status :"
"Size for %s","Størrelse for%s"
"Path","Sti"
"Path:","Sti :"
"Store Email Addresses Section","Butikk e-postadresser Seksjon"
"Store: ","Store:"
"Big Image","Stort bilde"
"Your answers contain duplicates.","Svarene spise Inneholder duplikater ."
"Switch/Solo card issue number: %s","Switch / Solo kortutstedelsesnummer : %s"
"Switch/Solo card start Date: %s/%s","Switch / Solo Startdato : %s / %s"
"Switch/Solo/Maestro(UK Domestic) card issue number: %s","Switch / Solo / Maestro (UK Domestic ) kortutstedelsesnummer : %s"
"Switch/Solo/Maestro(UK Domestic) card start Date: %s/%s","Switch / Solo / Maestro (UK Domestic ) Startdato : %s / %s"
"Visibility:","Synlighet :"
"System","system"
"System Section","system Seksjon"
"Tag was successfully saved","Taggen bart lagret"
"Tag was successfully deleted","Taggen bart Slettet"
"Tags","Tagger"
"Tb","Tb"
"Phone:","Telefon:"
"Temporary (302)","Midlertidig ( 302 )"
"Text","tekst"
"The archive can be uncompressed with <a href=""%s"">%s</a> on Windows systems","Arkivet kan være ukomprimert med <a href=""%s""> %s < / a > på Windows-systemer"
"This account is inactive.","Denne kontoen er inaktiv ."
"This product is currently disabled","Dette produktet er for tiden deaktivert"
"This section is not allowed.","Denne delen er ikke tillatt ."
"To","Til"
"to","Til"
"Back","Tilbake"
"Back to Login","Tilbake Til innlogging"
"Back to local packages","Tilbake Til Navn Lokale pakker"
"Reset","Tilbakestill"
"Reset Filter","Tilbakestill filter"
"Available Version","Tiljengelig version"
"Assigned","Tilordnet"
"Custom","Tilpasset"
"Time","tid"
"Time selection:","Tid utvalg :"
"Time:","tid :"
"Top 5 Search Terms","Topp - FEM søkefraser"
"Total Invoiced","totalt fakturert"
"Lifetime Sales","Total Omsetning"
"Total Amount","Totalsum"
"Total","Totalt"
"Total of %d record(s) were successfully updated","Totalt %d Oppføring (er ) bart oppdatert"
"Total of %d record(s) were successfully deleted","Totalt %d Oppføring (er ) bart Slettet"
"Total %d records found","Totalt %d oppføringer funnet"
"Invoice Totals","Totalt fakturert"
"Credit Memo Totals","Totalt kreditert"
"Total Order Amount","Totalt ordrebeløp"
"Total Refunded","Totalt tilbakebetalt"
"Tracking number can not be empty.","Sporingsnummer kan ikke være tom ."
"Transactional Emails","Transaksjonse - plakat"
"Type","Type"
"Type:","Type :"
"Invalid Username or Password.","Ugyldig brukernavn Eller passord ."
"Invalid store value","Ugyldig butikkverdi"
"Invalid file: %s","Ugyldig fil : %s"
"Invalid Import Service Specified","Ugyldig importeringstjeneste"
"Invalid input data for %s => %s rate","Ugyldig inndata for%s = > %s hastighet"
"Invalid input:","Ugyldig inndata :"
"Invalid directory: %s","Ugyldig katalog : %s"
"Invalid website value","Ugyldig nettstedverdi"
"Invalid section value","Ugyldig seksjonsverdi"
"Invalid URL","Ugyldig URL"
"Unknown","Ukjent"
"Unknown error","Ukjent Feil"
"Unable to save Cron expression","Kan ikke lagre Cron uttrykk"
"Subpackage","Underpakke"
"Subpackage can't be conflicting","Underpakke Kan ikke vÃ | re i Konflikt"
"Subpackages","Underpakker"
"Urlrewrite Information","Urlrewrite Informasjon"
"Use Config Settings","Bruk Innstillinger Config"
"Performed At","Utført hiet"
"Release","Utgivelse"
"Release Stability","Utgivelsens stabilitet over"
"Release Version","Utgivelsens version"
"Issue Number","Utgivelsesnummer"
"Expiration Date","Utløpsdato"
"Expiration Date: %s/%s","Utløpsdato : %s / %s"
"Extension","Utvidelse"
"Extensions","Utvidelser"
"Package Extensions","Utvidelsespakker"
"Optional","Valgfri"
"Value","Verdi"
"Currency","Valuta"
"Currency Information","Valutainformasjon"
"Watermark File for %s","Vannmerkefil for %s"
"SKU","Varekode"
"SKU:","Varekode :"
"Items","Varer"
"items selected","varer valgt"
"Stock notification was saved successfully","Varsling OM lagerbeholdning bart lagret ."
"Maintainers","Vedlikeholdere"
"Select All","Velg Alle"
"Unselect Visible","Velg bort Synlige"
"Choose Store View","Velg butikkvisning"
"Select Date","Velg Dato"
"Please select a store","Velg en butikk"
"Please select a custmer","Velg en Kunde"
"Please select an option.","Velg et alternativ"
"Choose an attribute","Velg et attributt"
"Please select one of the above options.","Velg et AV- alternativene over."
"Please select one of the options.","Velg et AV- alternativene ."
"Please, select visible in stores to this poll first","Velg Forst i hvilke butikker avstemningen frontplater vÃ | re Synlig"
"Please select customer(s)","Velg Kunde ( r )"
"Please select State/Province.","Velg område"
"Please select review(s)","Velg Omtale ( r )"
"Select Range","Velg periode"
"Select Visible","Velg Synlige"
"Please select tag(s)","Velg Tagg (ere )"
"Please confirm site switching. All data that hasn't been saved will be lost.","Vennligst bekreft webside Bytte . All data Som ikke eh lagret Vil BLI Borte ."
"Please select catalog searches","Vennligst Velg katalogsøk"
"Please wait, loading...","Vennligst vent , laster ..."
"Please wait...","Vennligst vent ..."
"Pending installation...","Ventende Installasjon ..."
"Pending Tags","Ventende tagger"
"Value Delimiter:","Verdiskilletegn"
"Tools","Verktøy"
"Version","versjon"
"Version:","versjon :"
"Redirect","Videresending"
"View","Vis"
"Show by","Vis etter nett"
"View Actions XML","Vis handlings - XML"
"Show reviews","vis omtaler"
"Show Report for","Vis rapport for"
"Display default currency","Vis standardvaluta"
"View Statistics for","Vis statistikker for"
"Rating was successfully saved","Vurdering bart lagret"
"Rating was successfully deleted","Vurdering bart Slettet"
"Warning! Empty value can cause problems with CSV format.","Advarsel ! Tom verdi kan føre til problemer med CSV -format ."
"Warning!rnThis action will remove this user from already assigned rolernAre you sure?","Advarsel ! RnDette handlingen vil fjerne denne brukeren fra allerede tildelt rolernAre du sikker ?"
"Warning!rnThis action will remove those users from already assigned rolesrnAre you sure?","Advarsel ! RnDette handlingen vil fjerne disse brukerne fra allerede tildelt rolesrnAre du sikker ?"
"We're in our typing table, coding away more features for Magento. Thank you for your patience.","Vi er i vår skrivebordet , koding bort flere funksjoner for Magento . Takk for din tålmodighet ."
"Web Section","Web Seksjon"
"Web Services","web Services"
"Web services","webtjenester"
"Website: ","hjemmeside :"
"Websites","Nettsider"
"Websites / Stores","Nettsider / butikker"
"XML","XML"
"You need specify carrier.","Du må angi transportør."
"You need to specify order items","Du må angi ordreposter"
"Your server PHP settings allow you to upload files not more than %s at a time. Please modify post_max_size (currently is %s) and upload_max_filesize (currently is %s) values in php.ini if you want to upload larger files.","Server PHP-innstillinger lar deg laste opp filer ikke flere enn %s om gangen . Vennligst endre post_max_size (for tiden er %s ) og upload_max_filesize (for tiden er %s ) verdier i php.ini hvis du ønsker å laste opp større filer ."
"YTD","YTD"
"[ deleted ]","[ Slettet ]"
"[deleted]","[ Slettet ]"
"{{base_url}} is not recommended to use in a production environment to declare the Base Unsecure Url / Base Secure Url. It is highly recommended to change this value in your Magento <a href=""%s"">configuration</a>.","{ { base_url } } er ikke anbefalt å bruke i et produksjonsmiljø for å erklære Base usikker Url / Base Secure Url . Det er sterkt anbefalt å endre denne verdien i din Magento <a href=""%s""> konfigurasjon < / a > ."
