" But cart has some errors."," Men vogn har noen feil."
"""Description"" is more than %d characters long","""Beskrivelse"" er mer enn %d tegn"
"""Title"" is more than %d characters long","""Tittel"" er mer enn %d tegn"
"""id"" attribute is required for a ""%s"" field.","""id"" attributt er nødvendig for en ""%s"" feltet."
"""line_count"" attribute is required for ""multiline"" element.","""line_count"" -attributtet som kreves for ""linjer"" element".
"""message"" attribute is required for ""%s"" validator rule.","""melding"" attributt er nødvendig for ""%s"" validator regelen."
"%1$s has been added to your wishlist.","%1$s har blitt lagt til din ønskeliste."
"%1$s incl tax.","%1$s inkl. skatt."
"%s API Key required.","%s API-nøkkel er nødvendig."
"%s Application ID required.","%s Application ID kreves."
"%s Secret Key required.","%s Secret Key nødvendig."
"%s attribute is required.","%s attributt er nødvendig."
"%s has been added to your cart.","%s har blitt lagt i handlekurven."
"(Includes more countries than those listed below. As the application owner, you are responsible for complying with country-specific laws related to the distribution or sale of your application into that country, including your home country.)","( Inkluderer flere land enn de som er listet nedenfor. Som eier denne applikasjonen , er du ansvarlig for å følge med landsspesifikke lover relatert til distribusjonen eller salget av søknaden din til det aktuelle landet , inkludert hjemlandet . )"
"*Subject to change","* Med forbehold om endringer"
"10:40 AM","10:40"
"80px x 80px","80px x 80px"
"80x80 px","80x80 px"
"<a href=""%s"" target=""_blank"">Login</a> to Urabn Airship.","<a href=""%s"" target=""_blank""> Pålogging </a> for å Urabn Airship."
"A Catalog Only App will not support functions such as add to cart, add to wishlist, or login.","A Catalog Only App vil ikke støtte funksjoner som legg i handlekurven , legge til ønskeliste , eller logg inn."
"A new password has been sent.","Et nytt passord er sendt."
"Account","Konto"
"Account confirmation is required. Please check your email for the confirmation link.","Account bekreftelse er nødvendig . Vennligst sjekk e-posten din for bekreftelse link."
"Account information has been saved.","Account informasjon har blitt frelst."
"Action","Handling"
"Activate","Aktiver"
"Activate PayPal Checkout","Aktiver PayPal kassen"
"Activate PayPal MECL","Aktiver PayPal MECL"
"Activation Key","Activation Key"
"Add App","Legg App"
"Add New Template","Legg til ny mal"
"Add Page","Legg til side"
"Add to Cart","Add to Cart"
"Add to Wishlist","Legg til ønskelisten"
"Additional Address","Ytterligere Address"
"Address","Address"
"Address 2","Adresse 2"
"Address data not specified.","Adressedata ikke spesifisert."
"Address does not belong to this customer.","Adresse hører ikke til denne kunden."
"Address has been deleted.","Address har blitt slettet."
"Address has been saved.","Address har blitt frelst."
"Administrative contact for this app and for app submission issues.","Administrativ kontaktperson for dette programmet og for app innsending problemer."
"Advanced Settings","Avanserte innstillinger"
"After submitting the App to Magento, please contact <a href=""mailto:%1$s"">%1$s</a> to receive the Application Key, Application Secret and Application Master Secret.","Etter innsending App til Magento , kontakt <a href=""mailto:%1$s"">%1$s</a> for å motta Application Key, Application Secret og Application Master Secret."
"AirMail Message Queue","Airmail Message Queue"
"AirMail Messages Queue","Luftpost Meldinger kø"
"AirMail Template Preview","Airmail Mal Preview"
"AirMail message","Luftpost meldingen"
"AirMail templates","Luftpost maler"
"All Allowed Countries","Alle tillatt Countries"
"All locations","Alle steder"
"An account with this email address already exists.","En konto med denne e-postadressen finnes allerede."
"An error occurred while adding item to wishlist.","Det oppstod en feil mens du legger element til ønskeliste."
"An error occurred while deleting the address.","Det oppstod en feil ved sletting av adresse."
"An error occurred while loading categories.","Det oppstod en feil under innlasting kategorier."
"An error occurred while loading category filters.","Det oppstod en feil under innlasting kategori filtre."
"An error occurred while loading wishlist.","Det oppstod en feil under innlasting ønskeliste."
"An error occurred while processing your order. Please contact us or try again later.","Det oppstod en feil under behandling av din bestilling . Ta kontakt med oss ​​, eller prøv igjen senere."
"An error occurred while processing your request.","Det oppstod en feil under behandling av forespørselen din."
"An error occurred while removing item from wishlist.","Det oppstod en feil under fjerning element fra ønskeliste."
"An error occurred while removing items from wishlist.","Det oppstod en feil under fjerne elementer fra ønskelisten."
"Analytics","Analytics"
"Android","Android"
"Android doesn\'t support AirMail message type.","Android doesn \ ' t støtter luftpost meldingstype."
"App Background","App Bakgrunn"
"App Background (landscape mode).","App Bakgrunn ( landskapsmodus )."
"App Background (portrait mode).","App Bakgrunn ( stående modus )."
"App Background <br />(landscape mode)","App Bakgrunn <br /> ( landskapsmodus )"
"App Background <br />(portrait mode)","App Bakgrunn <br /> ( stående modus )"
"App Background image missing.","App Bakgrunnsbildet mangler."
"App Code","App -koden"
"App Information","App Information"
"App Name","Navn App"
"App Stores","App Stores"
"App Submission History","App Submission History"
"App Title","App Tittel"
"App code required.","App -kode er nødvendig."
"App does not exist.","App eksisterer ikke."
"App has been deleted.","App har blitt slettet."
"App has been saved.","App har blitt lagret."
"App has been submitted.","App er sendt inn."
"App model not loaded.","App -modellen ikke lastet."
"App with specified code does not exist.","App med oppgitt kode finnes ikke."
"Appears in the info section of your app (example: Copyright 2010 – Your Company, Inc.)","Vises i info- delen av programmet ( f.eks : Copyright 2010 - Your Company, Inc. )"
"Application","Søknad"
"Application Key","Søknad Key"
"Application Master Secret","Søknad Master Secret"
"Application Name","Navn Application"
"Application Secret","Søknad Secret"
"Are you sure you want to delete this theme? This change will affect all applications.","Er du sikker på at du vil slette dette temaet ? Denne endringen vil påvirke alle programmer."
"Are you sure you want to do this?","Er du sikker på at du vil gjøre dette ?"
"Are you sure you whant to cancel a message?","Er du sikker på at du whant å avbryte en melding?"
"Are you sure you whant to delete a message?","Er du sikker på at du whant å slette en melding ?"
"Are you sure you what to cancel selected records?","Er du sikker på at du hva du skal avbryte utvalgte poster ?"
"Are you sure you what to delete selected records?","Er du sikker på at du hva du skal slette valgte poster?"
"As a Magento customer, Urban Airship is offering you unlimited Push Notifications and Rich Push for $100/year* along with a 60 day free trial.","Som en Magento kunde , er Urban Airship tilbyr deg ubegrenset Push Notifications og Rich Push for $ 100/year * sammen med en 60 dagers gratis prøveperiode."
"At last one application has to be created.","Endelig en søknad må være opprettet."
"Authentication complete.","Autentisering fullført."
"Back","Tilbake"
"Back to App Edit","Tilbake til App Edit"
"Background Color","Bakgrunnsfarge"
"Balance","Balance"
"Balance Change","Balanse Change"
"Balance History","Balanse History"
"Banner on Home Screen","Banner på Hjem-skjerm"
"Banner on Home Screen (landscape mode) image missing.","Banner på Hjem-skjerm ( landskapsmodus ) image mangler."
"Banner on Home Screen (portrait mode) image missing.","Banner på Hjem-skjerm ( stående modus ) image mangler."
"Banner on Home Screen <br />(landscape mode)","Banner på Hjem-skjerm <br /> ( landskapsmodus )"
"Banner on Home Screen <br />(portrait mode)","Banner på Hjem-skjerm <br /> ( stående modus )"
"Banner on Home Screen image missing.","Banner på Hjem-skjerm bilde mangler."
"Billing Address","Billing Address"
"Billing address has been set.","Fakturaadresse er satt."
"Buy %1$s for %2$s","Kjøp %1$s til %2$s"
"Buy %1$s for %2$s (%3$s incl. tax) each","Kjøp %1$stil %2$s ( %3$s inkl. mva . Skatt ) hver"
"Buy %1$s for %2$s each","Kjøp %1$s til %2$s hver"
"Buy %1$s with %2$s discount each","Kjøp %1$s med %2$s rabatt hver"
"Buyer country is not allowed by store.","Kjøper land ikke er tillatt av butikken."
"Cache Lifetime (seconds)","Cache Lifetime ( sekunder )"
"Cache Management","Cache Management"
"Can\'t add item to shopping cart.","Can\'t legge element i handlekurven."
"Can\'t apply the coupon code.","Can\'t bruke kupongkode."
"Can\'t copy file ""%s"" to ""%s"".","Can\'t kopiere filen ""%s"" til ""%s""."
"Can\'t create wishlist.","Can\'t lage ønskeliste."
"Can\'t delete ""%s"" theme.","Can\'t delete ""%s"" tema."
"Can\'t load XML.","Can\'t load XML."
"Can\'t load application with id ""%s""","Can\'t laste programmet med id ""%s"" "
"Can\'t load cart info.","Can\'t lastkurveninfo."
"Can\'t load cart.","Can\'t lastkurven."
"Can\'t load customer form.","Can\'t belastning kundeskjemaet."
"Can\'t load default themes.","Can\'t last standard temaer."
"Can\'t load selected theme. Please check your media folder permissions.","Can\'t laste valgte temaet . Vennligst sjekk dine mediemappetillatelser."
"Can\'t open submission form.","Can\'t åpne innsendingsskjemaet."
"Can\'t read file ""%s"".","Kan\'t lese filen ""%s""."
"Can\'t remove the item.","Kan\'t fjerne elementet."
"Can\'t reset theme.","Kan\'t tilbake tema."
"Can\'t save address.","Kan\'t spare adresse."
"Can\'t save the customer.","Can\'t spare kunden."
"Can\'t save theme.","Kan\'t spare tema."
"Can\'t show configuration.","Can\'t showet konfigurasjon."
"Can\'t specify product.","Can\'t spesifisere produktet."
"Can\'t submit application.","Can\'t sende inn søknad."
"Can\'t update cart.","Can\'t oppdatering kurven."
"Can\'t write to file ""%s"".","Can\'t skrive til fil ""%s""."
"Cancel","Kansellert"
"Canceled","Avbrutt"
"Cancelled","Cancelled"
"Cannot apply gift card.","Kan ikke gjelde gavekort."
"Cannot load theme ""%s"".","Kan ikke laste tema ""%s""."
"Cannot redeem Gift Card.","Kan ikke løse inn gavekortet."
"Cannot remove gift card.","Kan ikke fjerne gavekort."
"Cannot save theme ""%s"". Incorrect data received","Kan ikke lagre tema ""%s"" . Feil data mottatt"
"Card Verification Number","CVC -nummer"
"Card verification number is wrong","Kortverifikasjonsnummerer galt"
"Carrier","Carrier"
"Cart","Cart"
"Cart has been updated.","Cart har blitt oppdatert."
"Cart has some errors.","Handlekurv har noen feil."
"Cart is empty.","Handlekurven er tom."
"Catalog Only App?","Katalog Only App?"
"Category Button Color",«Kategori Button Color"
"Category Item Background Color","Kategori Element bakgrunnsfarge"
"Chairs","Stoler"
"Change Orientation","Endre Orientering"
"Change Password","Endre passord"
"Changes have been saved to theme.","Endringer er lagret til tema."
"Checkout has been initialized.","Kassen er initialisert."
"City","Byen"
"Color Themes","Fargetemaer"
"Colors","Farger"
"Company","Selskapet"
"Completed","Ferdig"
"Confirm New Password","Bekreft nytt passord"
"Confirm Password","Bekreft passord"
"Contact Email",«Kontakt E-post"
"Contact Information","Kontaktinformasjon"
"Container is not defined.","Container ikke definert."
"Content","Innhold"
"Copyright","Copyright"
"Copyright Page Logo","Copyright Page Logo"
"Copyright Page Logo <br />(iPhone 4 retina)","Copyright Page Logo <br /> ( iPhone 4 retina )"
"Countries Payment Applicable From","Land Betaling gjeldende fra"
"Country","Land"
"Country options don\'t recognized for ""%s"".","Innstillinger for land don \ ' t anerkjent for ""%s""."
"Coupon code %s is not valid.","Kupongkode %s er ikke gyldig."
"Coupon code %s was applied.","Kupongkode %s ble brukt."
"Coupon code is empty.","Kupong kode er tom."
"Coupon code was canceled.","Kupong koden ble avbrutt."
"Creating a Template is allowed only for applications which have device type iPhone.","Opprette en mal er kun tillatt for applikasjoner som har enhetstype iPhone."
"Credit Card","Credit Card"
"Credit Card %s","Kredittkort %s"
"Credit Card Number","Credit Card Number"
"Credit Card Type","Credit Card Type"
"Credit card number does not match credit card type.","Kredittkort nummeret ikke samskredittkorttypen."
"Current Balance: %s","Nåværende balanse: %s"
"Current Password","Gjeldende passord"
"Currently, PayPal MEP is not available for the Android application","For øyeblikket , er PayPal MEP ikke tilgjengelig for Android -programmet"
"Custom App Icon","Custom App Ikon"
"Custom App Icon <br />(iPhone 4 retina)","Custom App Ikon <br /> ( iPhone 4 retina )"
"Custom Colors","Custom Colors"
"Customer authentication problem.","Kunden godkjenning problemet."
"Customer balance available in enterprise version of Magento only.","Kunden balanse tilgjengelig i Enterprise-versjonen av bare Magento."
"Customer balance is disabled for current store","Kunden balanse er deaktivert for dagens store"
"Customer email not specified.","Kunden e-posten ikke er spesifisert."
"Customer logout problem.","Kunden utlogging problem."
"Customer not logged in.","Kunden ikke logget inn"
"DD","DD"
"Date","Date"
"Date Created","Date Created"
"Date Submitted","Date Submitted"
"Date Updated","Dato oppdatert"
"Day","Dag"
"Deeper Messaging and Engagement with Rich Push.","Dypere Meldinger og engasjement med Rich Push."
"Default Billing Address","Standard Billing Address"
"Default Shipping Address","Standard Shipping Address"
"Default Theme","Standard Theme"
"Delete","Delete"
"Delete theme","Slett tema"
"Deleted","Slettet"
"Description","Beskrivelse"
"Description that appears in Android Market. %s chars maximum. ","Beskrivelse som vises i Android Market . %s tegn maksimum."
"Description that appears in the iTunes App Store. %s chars maximum. ","Beskrivelse som vises i iTunes App Store. %s tegn maksimum."
"Deselect All","Fjern alt"
"Design","Design"
"Device","Device"
"Device Information","Device Information"
"Device Type","Device Type"
"Device doesn\'t recognized. Unable to load a template.","Enhet ikke \ ' t anerkjent . Kan ikke laste inn en mal."
"Device doesn\'t recognized: ""%s"". Unable to load a helper.","Enhet ikke \ ' t anerkjent : ""%s"" Kan ikke laste en hjelper."
"Device doesn\'t recognized: ""%s"". Unable to load preview model.","Enhet ikke \ ' t anerkjent :""%s"" Ikke laste forhåndsvisning modellen."
"Edit","Edit"
"Edit AirMail Message","Edit Airmail Message"
"Edit AirMail Message Queue #%s","Edit Airmail Message Queue #%s"
"Edit App ""%s""","Edit App ""%s"" "
"Edit Filter","Rediger filter"
"Edit Template ""%s""","Rediger mal ""%s"" "
"Element with id %s already exists","Element med id %s finnes allerede"
"Email","E-post"
"Email Address","E-postadresse"
"Enable AirMail Message Push notification","Aktiver Airmail melding Push varsling"
"Enable Facebook","Aktiver Facebook"
"Enable Flurry Analytics","Aktiver Flurry Analytics"
"Enable Flurry Analytics for the merchant.","Aktiver Flurry Analytics for selgeren."
"Enable LinkedIn","Aktiver Linkedin"
"Enable Standard Checkout","Aktiver Standard kassen"
"Enable Twitter","Aktiver Twitter"
"Error while processing file ""%s"".","Feil under behandling fil ""%s""."
"Error while reading data from Payment Bridge. Please, try again.","Feil ved lesing av data fra betalings Bridge . Vennligst prøv igjen."
"Error while uploading file ""%s"".","Feil ved opplasting fil ""%s""."
"Error while uploading file ""%s"". Disallowed file type. Only ""jpg"", ""jpeg"", ""gif"", ""png"" are allowed.","Feil ved opplasting fil ""%s"" . Ulovelig filtype . Only""jpg"",""jpeg"",""gif"",""png""er tillatt."
"Error.","Feil".
"Expiration Date - Month","Utløpsdato - Month"
"Expiration Date - Year","Utløpsdato - Year"
"Expires: %s","Utløper : %s"
"Extend the life of your app with Urban Airship Push Notifications.","Forleng levetiden på din app med Urban Airship Push Notifications."
"Extensions","Extensions"
"FILTERS APPLIED","Brukes filtrene"
"Facebook API","Facebook API"
"Facebook Application ID","Facebook Application ID"
"Fax","Faks"
"File can\'t be uploaded.","Fil Kan\'t lastes opp."
"File doesn\'t exist ""%s"".","Fil ikke \ ' t eksisterer ""%s""."
"First Name","Fornavn"
"Flurry API Code","Flurry API Code"
"Flurry Analytics","Flurry Analytics"
"Flurry Analytics Site","Flurry Analytics Site"
"Fonts","Fonts"
"Free","Gratis"
"Funk Leaf","Funk Leaf"
"General","Generelt"
"Get Content from CMS Page","Få innhold fra CMS Side"
"Gift Card ""%s"" was added.","Gift Card ""%s"" ble lagt."
"Gift Card ""%s"" was redeemed.","Gift Card ""%s"" ble forløst."
"Gift Card ""%s"" was removed.","Gift Card ""%s"" ble fjernet."
"Gift Card (%s)","Gift Card ( %s )"
"Gift Card amount applied to order: %s","Gift Card søknadsbeløpet på bestilling : %s"
"Gift Card code is empty.","Gavekort kode er tom."
"Gift Card: %s","Gift Card: %s"
"Gift card account available in enterprise version of Magento only.","Gift Card-konto tilgjengelig i Enterprise-versjonen av Magento bare."
"Grand Total (Excl. Tax)","Totalsum ( eks. moms)"
"Grand Total (Incl. Tax)","Totalsum (inkl. moms )"
"Guest","Guest"
"Header Background Color","Header bakgrunnsfarge"
"Header Font Color","Header Font Color"
"High Resolution Application Icon","High Resolution Application ikon"
"Home","Home"
"Hot Red","Hot Red"
"How do you rate this product?","Hvordan vurderer du dette produktet ?"
"How to incorporate Urban Airship within your application:","Hvordan innlemme Urban Airship innenfor programmet :"
"ID","ID"
"Icon that will appear on the user\'s device after they download your app. Recommended size: 48px x 48px.","Ikon som vises på brukerens \ ' s enhet etter at de laster ned app Anbefalt størrelse : 48px x 48px."
"Icon that will appear on the user\'s device after they download your app. You do not need to apply a gradient or soft edges (this is done automatically by Apple). Recommended size: 72px x 72px.","Ikon som vises på brukerens \ ' s enhet etter at de laster ned app Du trenger ikke å bruke en gradient eller myke kanter ( dette gjøres automatisk av Apple ) Anbefalt størrelse . . 72px x 72px"
"Icon that will appear on the user\'s phone after they download your app. You do not need to apply a gradient or soft edges (this is done automatically by Apple). Recommended size: 114px x 114px.","Ikon som vises på brukerens \ ' s telefon etter at de laster ned app Du trenger ikke å bruke en gradient eller myke kanter ( dette gjøres automatisk av Apple ) Anbefalt størrelse . . 114px x 114px"
"Icon that will appear on the userâ€™s phone after they download your app.  You do not need to apply a gradient or soft edges (this is done automatically by Apple).  Recommended size: 57px x 57px at 72 dpi.","Ikon som vises på Usera € ™ s telefon etter at de laster ned app Du trenger ikke å bruke en gradient eller myke kanter ( dette gjøres automatisk av Apple ) Anbefalt størrelse : . 57px x 57px ved 72 dpi."
"Icons","Ikoner"
"If leave this field empty, the message will be sent immediately","Hvis la dette feltet stå tomt , vil meldingen bli sendt umiddelbart"
"If you want to disable the cache on the application side, leave the field empty. Warning! When disabling cache, the application will take time to load each page.","Hvis du ønsker å deaktivere cache på søknadssiden, la feltet stå tomt . Advarsel ! Når du deaktiverer cache , vil programmet ta tid å laste hver side."
"Image file was not found.","Image -filen ble ikke funnet."
"Image that appears on first screen while your app is loading. Required size: 1024px x 768px.","Image som vises på første skjermen mens programmet ditt lastes Nødvendig størrelse : . 1024px x 768px."
"Image that appears on first screen while your app is loading. Required size: 320px x 455px.","Image som vises på første skjermen mens programmet ditt lastes Nødvendig størrelse : . 320px x 455px."
"Image that appears on first screen while your app is loading. Required size: 320px x 460px.","Image som vises på første skjermen mens programmet ditt lastes Nødvendig størrelse : . 320px x 460px."
"Image that appears on first screen while your app is loading. Required size: 640px x 920px.","Image som vises på første skjermen mens programmet ditt lastes Nødvendig størrelse : . 640px x 920px."
"Image that appears on first screen while your app is loading. Required size: 768px x 1024px.","Image som vises på første skjermen mens programmet ditt lastes Nødvendig størrelse : . 768px x 1024px."
"Images","Bilder"
"In Queue","In Queue"
"In Stock","På lager"
"In addition, click here to review Urban Airship\'s Terms of Service: <a href=""%s"" target=""_blank"">click here</a>.","I tillegg , kan du klikke her for å lese Urban Airship \ ' s Vilkår for bruk : <a href=""%s"" target=""_blank""> klikk her </a>."
"In order to resubmit your app, you need to first purchase a <a href=""%s"" target=""_blank"">%s</a> from MagentoCommerce","For å sende inn app, må du først kjøpe en <a href=""%s"" target=""_blank"">%s </a> fra MagentoCommerce"
"In order to submit your app, you need to first purchase a <a href=""%s"" target=""_blank"">%s</a> from MagentoCommerce","For å sende inn din app, må du først kjøpe en <a href=""%s"" target=""_blank"">%s </a> fra MagentoCommerce"
"Inactive Tabs","Passiv Tabs"
"Invalid XML.","Ugyldig XML."
"Invalid current password.","Ugyldig gjeldende passord."
"Invalid customer data.","Ugyldig kundedata."
"Invalid data.","Ugyldige data."
"Invalid email address.","Ugyldig e-postadresse."
"Invalid item or wishlist.","Ugyldig element eller ønskeliste."
"Invalid login or password.","Ugyldig brukernavn eller passord."
"Invalid shipping method.","Ugyldig leveringsmåte."
"Issue Number","Issue Number"
"It\'s not allowed to delete submitted application.","It \ ' s ikke lov til å slette innsendt søknad."
"Item has been added to cart.","Element har blitt lagt til i handlekurven."
"Item has been deleted from cart.","Element har blitt slettet fra kurven."
"Item has been removed from wishlist.","Element har blitt fjernet fra ønskelisten."
"Items were updated. But can\'t update wishlist.","Elementer ble oppdatert . Men kan \ 't oppdatering ønskeliste."
"Key","Key"
"Keywords","Nøkkelord"
"Label","Label"
"Large iTunes Icon","Stor iTunes -ikon"
"Large icon that appears in the iTunes App Store. You do not need to apply a gradient or soft edges (this is done automatically by Apple). Required size: 512px x 512px.","Stor -ikonet som vises i iTunes App Store Du trenger ikke å bruke en gradient eller myke kanter ( dette gjøres automatisk av Apple ) Nødvendig størrelse : . . 512px x 512px"
"Last Name","Etternavn"
"LinkedIn API","Linkedin API"
"LinkedIn API Key","Linkedin API-nøkkel"
"LinkedIn Secret Key","Linkedin Secret Key"
"Loader Splash Screen","Loader Splash Screen"
"Loader Splash Screen <br />(iPhone 4 retina)","Loader Splash Screen <br /> ( iPhone 4 retina )"
"Loader Splash Screen <br />(landscape mode)","Loader Splash Screen <br /> ( landskapsmodus )"
"Loader Splash Screen <br />(portrait mode)","Loader Splash Screen <br /> ( stående modus )"
"Loading Preview...","Legge Preview ..."
"Locations","Steder"
"Log In","Logg inn"
"Login and password are required.","Pålogging og passord er nødvendig."
"Logo in Header","Logo i Header"
"Logo in Header image missing.","Logo i Header bildet mangler."
"Logout complete.","Logout fullført."
"M.I.","M.I."
"MEP is PayPal\'s native checkout experience for the iPhone. You can choose to use MEP alongside standard checkout, or use it as your only checkout method for Magento mobile. PayPal MEP requires a <a href=""%s"">PayPal business account</a>","MEP er PayPal \ ' s opprinnelige kassa opplevelse for iPhone . Du kan velge å bruke MEP sammen med standard kassa , eller bruke den som din eneste betalingsmetoden, for Magento mobil . PayPal MEP krever en <a href = ""%s"" > PayPal bedriftskonto </a>"
"MM","MM"
"Mailbox title","Postkasse tittelen"
"Main Tabs","Hoved Tabs"
"Make Inactive","Make Passiv"
"Make this app available in the following territories","Gjør denne app tilgjengelig i følgende territorier"
"Manage Apps","Administrere Apps"
"Manage Mobile App","Administrere Mobile App"
"Maximum length is 140","Maksimal lengde er 140"
"Maximum length is 255","Maksimal lengde er 255"
"Merchant Label","Merchant Label"
"Message Queue","Message Queue"
"Message Settings","Meldingsinnstillinger"
"Message Templates","Meldingsmaler"
"Message Title","Melding Tittel"
"Message Type","Message Type"
"Message can be edited when status of the message is ""In Queue"" only.","Melding kan redigeres når status for meldingen er ""In Queue"" bare."
"Message content","Melding innhold"
"Message title","Melding gjelder"
"Mobile","Mobile"
"Mobile Express Checkout has been canceled.","Mobile Express Checkout er avlyst."
"Mobile Express Checkout processed successfully.","Mobile Express Checkout vellykket."
"Month","Måned"
"More","Mer"
"More Info","Mer info"
"More Tabs","Mer Tabs"
"Name on Card","Navn på Card"
"Name that appears beneath your app when users install it to their device. We recommend choosing a name that is 10-12 characters and that your customers will recognize. %s chars max.","Navn som vises under programmet ditt når brukere installerer den til sin enhet . Vi anbefaler at du velger et navn som er 10-12 tegn , og at dine kunder vil kjenne igjen . %S tegn maks."
"New AirMail Message","Ny luftpost Message"
"New AirMail Message Queue","Ny luftpost Message Queue"
"New App","New App"
"New Password","Nytt passord"
"New Template","Ny mal"
"Nickname","Nick"
"No Payment Information Required","Nei Betalingsinformasjon Obligatorisk"
"No items were specifed to update.","Ingenting ble specifed å oppdatere."
"No items were updated.","Ingenting ble oppdatert."
"No product selected.","Ingen produkter er valgt."
"No shipping method required.","Ingen fraktmetode er nødvendig."
"No such file ""%s"".","Ingen slik fil ""%s""."
"Not Submitted","Som har sett"
"Notice","Notice"
"One or more keywords that describe your app. Keywords are matched to users\' searches in the App Store and help return accurate search results. Separate multiple keywords with commas. 100 chars is maximum.","En eller flere søkeord som beskriver programmet . Nøkkelord er tilpasset brukere \ ' søker i App Store og hjelpe returnere nøyaktige søkeresultater . Skill flere søkeord med komma . 100 chars er maksimum."
"Onepage checkout is disabled.","Onepage kassa er deaktivert."
"Only custom theme can be deleted","Bare tilpasset tema kan slettes"
"Only default theme can be reset","Bare standardtema kan nullstilles"
"Only free apps are allowed in this version.","Bare gratis apps er tillatt i denne versjonen."
"Only registered users can write reviews. Please, log in or register.","Kun registrerte brukere kan skrive anmeldelser . Vennligst logg inn eller registrer deg."
"Options menu items","Alternativer for menyelementer"
"Order #%s - %s","Order #%s - %s"
"Order Date: %s","Order Dato : %s"
"Order id is not specified.","Order id ikke er angitt."
"Order is not available.","Order er ikke tilgjengelig."
"Ordered","Bestilt"
"Output format is not specified. Please, specify ""format"" key in constructor, or set it using setFormat().","Output format er ikke spesifisert . Vennligst oppgi""format""-tasten i konstruktøren , eller sette den ved hjelp setFormat ( )."
"POST data is not valid.","POST data er ikke gyldig."
"Pages","Sider"
"Password","Passord"
"Password fields cannot be empty.","Passord-feltene kan ikke være tomt."
"PayPal MECL is the mobile version of PayPal\'s Express Checkout service. You can choose to use MECL alongside standard checkout, or use it as your only checkout method for Magento Mobile.","PayPal MECL er den mobile versjonen av PayPal \ ' s Express Checkout-tjenesten . Du kan velge å bruke MECL sammen standard kassa , eller bruke den som din eneste betalingsmetoden, for Magento Mobile."
"PayPal MEP","PayPal MEP"
"PayPal Mobile Embedded Payment (MEP)","PayPal Mobile Embedded Payment ( MEP )"
"PayPal Mobile Express Checkout","PayPal Mobile Express Checkout"
"PayPal Mobile Express Checkout Library (MECL)","PayPal Mobile Express Checkout Library ( MECL )"
"PayPal Mobile Express Checkout Token does not exist.","PayPal Mobile Express Checkout Token finnes ikke."
"Payer Email: %s","Betaler E-post : %s"
"Payment Applicable From","Betaling gjeldende fra"
"Payment Bridge module unavailable.","Betaling Bridge modul utilgjengelig."
"Payment Method","Betalingsmåte"
"Payment Method has been set.","Payment Method er satt."
"Payment Methods","Betalingsmåter"
"Payment method was successfully set.","Betalingsmåte ble vellykket satt."
"Paypal MEP doesn\'t support checkout with any discount.","Paypal MEP ikke \ ' t støtte kassa med noen rabatt."
"Please <a href=""%s"" target=""_blank"">click here</a> to see how to setup and retrieve API credentials.","Vennligst <a href=""%s"" target=""_blank""> klikk her </a> for å se hvordan du setter opp og hente API legitimasjon."
"Please Select Application","Vennligst velg Application"
"Please Select Device Type","Vennligst velg Device Type"
"Please agree to all the terms and conditions before placing the order.","Vennligst godtar alle vilkår og betingelser før du plasserer ordren."
"Please create and save an application first.",«Vær så snill opprette og lagre et program først."
"Please enter ""App Title"".","Vennligst skriv inn ""App Tittel""."
"Please enter a valid URL. Protocol is required (http://, https:// or ftp://)","Vennligst skriv inn en gyldig URL. Protocol kreves ( http:// , https:// eller ftp:// )"
"Please enter a valid date.","Vennligst skriv inn en gyldig dato."
"Please enter a valid email address. For example johndoe@domain.com.","Vennligst skriv inn en gyldig e-postadresse. For eksempel johndoe@domain.com."
"Please enter issue number or start date for switch/solo card type.","Vennligst skriv utstedelsesnummer eller startdato for bryteren / solo korttype."
"Please enter the Activation Key.","Skriv inn aktiveringsnøkkel."
"Please enter the Copyright.","Skriv inn Copyright."
"Please enter the Description.","Skriv inn Beskrivelse."
"Please enter the Price.","Vennligst skriv inn prisen."
"Please enter the Resubmission Key.","Skriv inn omlevering Key."
"Please enter the Title.","Vennligst skriv inn tittelen."
"Please make sure your passwords match.","Vennligst sørg for at dine passord matche."
"Please select an option.","Vennligst velg et alternativ."
"Please select at least one country.","Velg minst ett land."
"Please upload  an image for ""App Background (landscape mode)"" field from Design Tab.","Last opp et bilde for ""App Bakgrunn ( landskapsmodus )"" feltet fra Design Tab."
"Please upload  an image for ""App Background (portrait mode)"" field from Design Tab.","Last opp et bilde for ""App Bakgrunn ( stående modus )"" feltet fra Design Tab."
"Please upload  an image for ""App Background"" field from Design Tab.","Last opp et bilde for ""App Bakgrunn"" feltet fra Design Tab."
"Please upload  an image for ""Banner on Home Screen (landscape mode)"" field from Design Tab.","Last opp et bilde for ""Banner på Hjem-skjerm ( landskapsmodus )"" feltet fra Design Tab."
"Please upload  an image for ""Banner on Home Screen (portrait mode)"" field from Design Tab.","Last opp et bilde for ""Banner på Hjem-skjerm ( stående modus )"" feltet fra Design Tab."
"Please upload  an image for ""Banner on Home Screen"" field from Design Tab.","Last opp et bilde for ""Banner på Hjem-skjerm"" feltet fra Design Tab."
"Please upload  an image for ""Logo in Header"" field from Design Tab.","Last opp et bilde for ""Logo i Header"" feltet fra Design Tab."
"Please use letters only (a-z or A-Z) in this field.","Vennligst bruke bokstaver bare ( az eller AZ ) i dette feltet."
"Please use numbers only in this field. Please avoid spaces or other characters such as dots or commas.","Bruk bare tall på dette feltet . Vennligst unngå mellomrom eller andre tegn som prikker eller komma."
"Please use only letters (a-z or A-Z) or numbers (0-9) only in this field. No spaces or other characters are allowed.","Bruk kun bokstaver (az eller AZ) eller tall ( 0-9) bare i dette feltet . Ingen mellomrom eller andre tegn er tillatt."
"Prefix","Prefix"
"Preset Theme","Preset Theme"
"Preview","Preview"
"Price","Pris"
"Price Font Color","Pris Font Color"
"Primary Color","Primary Color"
"Primary Font Color","Primary Font Color"
"Problem changing or sending password.","Problem endre eller sende passord."
"Product Name3 ","Produkt NAME3"
"Product Name3 1","Produkt NAME3 1"
"Product Name3 2","Produkt NAME3 2"
"Product is unavailable.","Produktet er utilgjengelig."
"Product was not specified.","Produktet ble ikke spesifisert."
"Product(s) currently out of stock.","Produkt (er ) for tiden utsolgt."
"Purchase Order Number","Purchase Order Number"
"Push Notification","Push Notification"
"Push Notifications allow you to send messages directly to the people who have installed your app on their device. Send messages to your full audience even when your app is closed. Push Notifications are one of the best ways to keep your app active by delivering valuable content directly to your customers. Learn more about Push Notifications - <a href=""%1$s"" target=""_blank"">%1$s</a>","Push Notifications lar deg sende meldinger direkte til folk som har installert appen på sin enhet . Send meldinger til din fulle publikum selv når programmet er lukket . Push Notifications er en av de beste måtene å holde app aktiv ved å levere verdifulle . innhold direkte til kundene Lær mer om Push Notifications - <a href=""%1$s"" target=""_blank""> %1$s </a>"
"Push Title","Push Tittel"
"Push message","Push-melding"
"Push title","Push tittelen"
"Queue Date","Kø Date"
"Queue Message","Kø Message"
"Queue does not exist.","Kø finnes ikke."
"Queue is allowed only for applications with enabled Push Notification.","Kø er kun tillatt for applikasjoner med aktivert Push Notification."
"Quote instance is required.","Sitat eksempel er nødvendig."
"Recipient Information","Informasjon om mottaker"
"Recommended size 1024px x 344px. Note: Image size affects the performance of your app.","Anbefalt størrelse 1024px x 344px Merk: Bildestørrelse påvirker ytelsen til programmet ditt."
"Recommended size 1024px x 704px. Note: Image size affects the performance of your app.","Anbefalt størrelse 1024px x 704px Merk: Bildestørrelse påvirker ytelsen til programmet ditt."
"Recommended size 320px x 230px. Note: Image size affects the performance of your app. Keep your image size below 50 KB for optimal performance.","Anbefalt størrelse 320px x 230px . Merk: . . Bildestørrelse påvirker ytelsen til app Hold bildestørrelse under 50 KB for optimal ytelse"
"Recommended size 320px x 258px. Note: Image size affects the performance of your app. Keep your image size below 50 KB for optimal performance.","Anbefalt størrelse 320px x 258px . Merk: . . Bildestørrelse påvirker ytelsen til app Hold bildestørrelse under 50 KB for optimal ytelse"
"Recommended size 320px x 367px. Note: Image size affects the performance of your app. Keep your image size below 75 KB for optimal performance.","Anbefalt størrelse 320px x 367px . Merk: . . Bildestørrelse påvirker ytelsen til app Hold bildestørrelse under 75 KB for optimal ytelse"
"Recommended size 35px x 35px.","Anbefalt 35px størrelse x 35px."
"Recommended size 768px x 294px. Note: Image size affects the performance of your app.","Anbefalt størrelse 768px x 294px Merk: Bildestørrelse påvirker ytelsen til programmet ditt."
"Recommended size 768px x 960px. Note: Image size affects the performance of your app.","Anbefalt størrelse 768px x 960px Merk: Bildestørrelse påvirker ytelsen til programmet ditt."
"Redemption functionality is disabled.","Redemption funksjonaliteten er deaktivert."
"Refunded","Tilbakebetalt"
"Regular and confirmation passwords must be equal","Regelmessige og bekreftelse passord må være lik"
"Related Product Background Color","Relatert produktinformasjon Bakgrunnsfarge"
"Request internal error.","Be om intern feil."
"Reset theme to default","Reset tema til standard"
"Resubmission Key","Ny innlevering Key"
"Resubmit App","Send inn på nytt App"
"Review","Review"
"Rich Push allows you to create and send engaging experiences by adding HTML and other rich media components to your push notifications. Moving beyond alerts and badge updates, Rich Push takes users into the app while displaying content in a customizable WebKit view. Create branded messages that engage your users with new content and information, all without having to update your app. Learn more about Rich Push - <a href=""%1$s"" target=""_blank"">%1$s</a>","Rich Push lar deg opprette og sende engasjerende opplevelser ved å legge til HTML og andre rike medier komponenter til dine push-varslinger . Moving utover varsler og badge oppdateringer , tar Rich Push brukere inn i app mens du viser innhold i en passelig WebKit visning . Lag merkede meldinger at engasjere brukerne med nytt innhold og informasjon , alt uten å måtte oppdatere din app Lær mer om Rich Push - . <a href=""%1$s"" target=""_blank""> %1$s </a>"
"SORT BY:","SORTER ETTER :"
"Save","Lagre"
"Save As","Lagre som"
"Save Theme","Save Theme"
"Save and Continue Edit","Lagre og fortsett Edit"
"Save and Submit App","Lagre og send App"
"Save in address book","Lagre i adressebok"
"Screens:","Screens :"
"Scroll Background Color","Scroll bakgrunnsfarge"
"Search","Søk"
"Secondary Color","Sekundær Color"
"Secondary Font Color","Sekundær Font Color"
"Select All","Select All"
"Selected product is unavailable.","Valgt produkt er utilgjengelig."
"Sender Information","Informasjon om avsender"
"Settings","Innstillinger"
"Shipped","Sendt"
"Shipping Address","Leveringsadresse"
"Shipping Method","Shipping Method"
"Shipping address has been set.","Leveringsadresse er satt."
"Shipping method has been set.","Shipping metoden er satt."
"Shipping method is required","Shipping metoden er nødvendig"
"Shipping method successfully updated","Shipping metoden med hell oppdatert"
"Shipping to this address is not possible.","Frakt til denne adressen er ikke mulig."
"Shop","Shop"
"Shopping cart is empty.","Handlekurven er tom."
"Sky Blue","Sky Blue"
"Social Networking","Sosiale nettverk"
"Some emails were not sent.","Noen e-poster ble ikke sendt."
"Sorry, no payment options are available for this order at this time.","Beklager , ingen betalingsmåter er tilgjengelige for denne ordren på dette tidspunktet."
"Sorry, no quotes are available for this order at this time.","Beklager , ingen sitater er tilgjengelig for denne ordren på dette tidspunktet."
"Specific Countries","Bestemte land"
"Specified address does not exist.","Angitte adressen ikke eksisterer."
"Specified invalid app code.","Spesifisert ugyldig app -kode."
"Specified invalid data.","Spesifisert ugyldige data."
"Specified item does not exist in wishlist.","Angitte elementet ikke finnes i ønskeliste."
"Standard Checkout","Standard kassen"
"Standard Checkout uses the checkout methods provided by Magento. Only inline payment methods are supported. (e.g PayPal Direct,  Authorize.Net, etc.)","Standard kassen bruker kassa metodene som tilbys av Magento . Kun inline betalingsmetoder støttes . ( F.eks PayPal Direct, Authorize.Net , etc. )"
"Start Date","Startdato"
"Start Date - Month","Start dato - Month"
"Start Date - Year","Start dato - Year"
"State/Province","State / Province"
"Status","Status"
"Store Credit payment is not being used in your shopping cart.","Lagre Credit betaling ikke blir brukt i handlekurven."
"Store View","Lagre View"
"Store logo that is displayed on copyright page of app. Preferred size: 100px x 100px.","Lagre logo som vises på opphavsrett til app Foretrukket størrelse : . 100px x 100px."
"Store logo that is displayed on copyright page of app. Preferred size: 200px x 200px.","Lagre logo som vises på opphavsrett til app Foretrukket størrelse : . 200px x 200px."
"Street Address","Gateadresse"
"Street Address %s","Gateadresse %s"
"Submission","Submission"
"Submission Fields","Submission Fields"
"Submission History","Submission History"
"Submit App","Submit App"
"Submit App ""%s""","Submit App ""%s"" "
"Submit App failure. %s","Submit App fiasko %s."
"Submit App failure. Invalid activation key provided","Submit App fiasko . Ugyldig aktiveringsnøkkel gitt"
"Submitted","Sendt"
"Subtotal (Excl. Tax)","Delsum ( eks. moms)"
"Subtotal (Incl. Tax)","Delsum (inkl. moms )"
"Suffix","Suffiks"
"Summary of Your Review","Sammendrag av omtalen"
"T-Shirts","T -skjorter"
"Tabs","Tabs"
"Tax","Moms (25%)"
"Telephone","Telefon"
"Tell a Friend","Tips en venn"
"Tell a Friend is disabled.","Fortell en venn er deaktivert."
"Tell a Friend link has been sent.","Tips en venn link har blitt sendt."
"Template","Mal"
"Template Content","Mal Content"
"Template Name","Navn mal"
"Template does not exist.","Mal finnes ikke."
"Template for new AirMail Message does not exist.","Mal for ny luftpost melding eksisterer ikke."
"Template has been deleted.","Mal har blitt slettet."
"Text length does not satisfy specified max text range.","Tekst lengden ikke tilfredsstiller angitte maks tekstområde."
"Text length does not satisfy specified min text range.","Tekst lengden ikke tilfredsstiller angitte min tekst rekkevidde."
"Thank you for registering!","Takk for din registrering !"
"Thank you for your purchase! ","Takk for kjøpet !"
"The Mailbox title will be shown in the More Info tab. To understand more about the title, please <a target=""_blank"" href=""http://www.magentocommerce.com/img/product/mobile/helpers/mail_box_title.png"">click here</a>","The Mailbox tittelen vil bli vist på Mer info -kategorien . For å forstå mer om tittelen , kan du <a target =""_blank"" href =""http://www.magentocommerce.com/img/product/mobile/ hjelpere / mail_box_title.png""> klikk her < / a >"
"The icon that appears in the Android Market. Recommended size: 512px x 512px. Maximum size: 1024 KB.","Ikonet som vises i Android Market Anbefalt størrelse : 512px x 512px Maksimal størrelse : . 1024 KB."
"The store credit payment has been removed from shopping cart.","Butikken kreditt betaling Den er fjernet fra handlekurven."
"Theme configurations are successfully reset.","Theme konfigurasjoner er tilbakestilt."
"Theme has been created.","Theme har blitt opprettet."
"Theme has been delete.","Tema har vært slett."
"Theme label can\'t be empty","Theme etiketten Kan\'t være tom"
"Theme label:","Theme label:"
"Theme name is not set.","Theme navn ikke er angitt."
"There were some problems with the data.","Det var noen problemer med data."
"This email address was not found in our records.","Denne e-postadressen ble ikke funnet i våre registre."
"This is a required field.","Dette er et obligatorisk felt."
"Title","Tittel"
"Title bar","Title bar"
"To activate PayPal MEP payment method activate Express checkout first. ","For å aktivere PayPal MEP betalingsmetode aktivere Express kassa først."
"Token has not been set.","Token ikke er satt."
"Total incl. Tax: %1$s","I alt inkl. moms : . %1$s"
"Twitter API","Twitter API"
"Twitter API Key","Twitter API-nøkkel"
"Twitter Secret Key","Twitter Secret Key"
"Unable to cancel Mobile Express Checkout.","Kan ikke avbryte Mobile Express Checkout."
"Unable to cancel queue.","Kan ikke avbryte køen."
"Unable to collect cart totals.","Kan ikke samle cart summer."
"Unable to delete queue.","Kan ikke slette køen."
"Unable to find an app to delete.","For å finne en app for å slette Kan ikke."
"Unable to find template to delete.","Å finne mal for å slette Kan ikke."
"Unable to get shipping methods list.","Kan ikke få fraktmetoder liste."
"Unable to initialize MEP Checkout.","Kan ikke initial MEP kassen."
"Unable to initialize PayPal Mobile Express Checkout.","Kan ikke initial PayPal Mobile Express Checkout."
"Unable to initialize express checkout review.","Kan ikke initial express checkout gjennomgang."
"Unable to initialize express checkout shipping method list.","Kan ikke initial express checkout fraktmetode liste."
"Unable to initialize return action.","Kan ikke initial retur handling."
"Unable to load addresses.","Kan ikke laste adresser."
"Unable to load application form.","Kan ikke laste søknadsskjema."
"Unable to load billing address form.","Kan ikke laste fakturaadresse form".
"Unable to load billing address.","Kan ikke laste fakturaadresse."
"Unable to load categories.","Kan ikke laste kategorier."
"Unable to load checkout.","Kan ikke laste kassa."
"Unable to load order list.","Kan ikke laste ordreliste."
"Unable to load order review.","Kan ikke laste for vurdering."
"Unable to load product gallery.","Kan ikke laste produktgalleri."
"Unable to load product info.","Kan ikke laste produktinfo."
"Unable to load product options.","Kan ikke laste produktmuligheter."
"Unable to load product review.","Kan ikke laste produkt vurdering."
"Unable to load product reviews.","Kan ikke laste produktomtaler."
"Unable to load review form.","Kan ikke laste anmeldelsesskjemaet."
"Unable to load search.","Kan ikke laste søk."
"Unable to load shipping address form.","Kan ikke laste leveringsadresse form".
"Unable to place the order.","Kan ikke legge inn bestillingen."
"Unable to post the review.","Kan ikke legge gjennomgangen."
"Unable to process preview.","Kan ikke behandle forhåndsvisning."
"Unable to render a gift card account.","Kan ikke gjengi et gavekort konto."
"Unable to render an order.","Kan ikke gjengi en ordre."
"Unable to render the store credits.","Kan ikke gjengi butikken studiepoeng."
"Unable to save app.","Kan ikke lagre app."
"Unable to save message.","Kan ikke lagre meldingen."
"Unable to save shipping address.","Kan ikke lagre leveringsadresse."
"Unable to save shipping method.","Kan ikke lagre fraktmetode."
"Unable to save template.","Kan ikke lagre malen."
"Unable to start MEP Checkout.","Kan ikke starte MEP kassen."
"Unable to start Mobile Express Checkout.","Kan ikke starte Mobile Express Checkout."
"Unable to update shipping method.","Kan ikke oppdatere fraktmetode."
"Undefined","Undefined"
"Unknown Error","Ukjent feil"
"Unknown Error.","Ukjent feil."
"Unsupported character in path: ""%s""","Ikke støttet karakter i banen : ""%s"" "
"Unsupported value type received","Ikke støttet verditype mottatt"
"Update Preview","Update Preview"
"Upon receiving these credentials, please fill in the corresponding fields.","Ved mottak disse legitimasjon , fyll ut feltene."
"Urban Airship Push Notification","Urban Airship Push Notification"
"Use Store Credit (%s available)","Bruk Lagre Credit ( %s tilgjengelig )"
"Use as my default billing address","Bruk som standard fakturaadresse"
"Use as my default shipping address","Bruk som min standard leveringsadresse"
"View Details","Vis detaljer"
"View Gallery","Vis galleri"
"Warning: All related AirMail messages will be deleted!","Advarsel : Alle lignende luftpost meldinger vil bli slettet !"
"Website is offline.","Nettstedet er ikke aktiv."
"Wishlist has been cleared.","Ønskelisten har blitt slettet."
"Wishlist has been updated.","Ønskelisten er oppdatert."
"Wishlist has been updated. But there are accrued some errors while updating some items.","Ønskelisten er oppdatert . Men det påløper noen feil under oppdatering av enkelte elementer."
"Wrong Ipad background image orientation has been specified: ""%s"".","Wrong Ipad bakgrunnsbildeorientering har blitt spesifisert : ""%s""."
"Wrong PayPal Mobile Express Checkout Token specified.","Wrong PayPal Mobile Express Checkout Token spesifisert."
"Wrong device type.","Feil enhetstype."
"Wrong email format","Feil epost -format"
"Wrong or expired Gift Card Code.","Feil eller utløpt gavekort kode".
"Wrong theme format.","Feil tema format."
"YYYY","ÅÅÅÅ"
"Year","Year"
"You are already logged in.","Du er allerede logget inn"
"You can watch statistics here.","Du kan se statistikk her."
"You need to enable PayPal Express Checkout first from the Payment configuration before enabling PayPal MECL.","Du må aktivere PayPal Express Checkout første fra Payment konfigurasjon før du aktiverer PayPal MECL."
"You will receive an order confirmation email with details of your order and a link to track its progress.","Du vil motta en ordrebekreftelse e-post med detaljer om din bestilling og en link til å spore fremdriften."
"Your current balance is:","Din nåværende balanse er :"
"Your order # is: %s. ","Bestillingen # er :%s".
"Your review has been accepted for moderation.","Din anmeldelse er blitt akseptert for moderasjon."
"Zip/Postal Code","Zip / Postal Code"
"\'%s\' exceeds the allowed file size: %d (bytes)","\'%s\' overstiger den tillatte filstørrelse : %d ( byte )"
"\'%s\' height exceeds allowed value of %d px","\'%s\' høyde overstiger tillatt verdi av %d px"
"\'%s\' is not a valid file extension. Allowed extensions: %s","\'%s\' er ikke en gyldig filtype tillatt utvidelser : . %s"
"\'%s\' width exceeds allowed value of %d px","\'%s\' bredde overstiger tillatt verdi av %d px"
"and","og"
"each","hver"
"iPad","iPad"
"iPhone","iPhone"
"save","lagre"
"ver. %s","ver . %s"
